timestamp,time_offset,power_w,gpu_clock_mhz,mem_clock_mhz,util_gpu_pct,util_mem_pct,time_interval,energy_j,phase,event,request_id,ttft_s,total_duration_s,prompt_tokens,output_tokens,total_energy_j,j_per_output_token
1773750654.484209,0.00019931793212890625,114.35,1200.0,877.0,52.0,89.01863098144531,0.05,5.7175,prefill,,req-c5177485-1e8c-4b90-af09-9be7d77ccdbb,2.2594198869996944,16.73141983100004,3692,512,2091.2722936758996,4.084516198585741
1773750654.535742,0.05173230171203613,85.784,1200.0,877.0,85.0,90.35530090332031,0.05153298377990723,4.4207054805755615,prefill,,req-c5177485-1e8c-4b90-af09-9be7d77ccdbb,2.2594198869996944,16.73141983100004,3692,512,2091.2722936758996,4.084516198585741
1773750654.588391,0.10438132286071777,109.976,1200.0,877.0,85.0,90.35530090332031,0.05264902114868164,5.790128749847412,prefill,,req-c5177485-1e8c-4b90-af09-9be7d77ccdbb,2.2594198869996944,16.73141983100004,3692,512,2091.2722936758996,4.084516198585741
1773750654.6396554,0.15564560890197754,178.645,1200.0,877.0,85.0,90.35530090332031,0.051264286041259766,9.15810837984085,prefill,,req-c5177485-1e8c-4b90-af09-9be7d77ccdbb,2.2594198869996944,16.73141983100004,3692,512,2091.2722936758996,4.084516198585741
1773750654.6948357,0.21082592010498047,171.854,1200.0,877.0,85.0,90.35530090332031,0.05518031120300293,9.482957201480867,prefill,,req-c5177485-1e8c-4b90-af09-9be7d77ccdbb,2.2594198869996944,16.73141983100004,3692,512,2091.2722936758996,4.084516198585741
1773750654.746095,0.2620851993560791,92.112,1200.0,877.0,100.0,90.35530090332031,0.05125927925109863,4.721594730377197,prefill,,req-c5177485-1e8c-4b90-af09-9be7d77ccdbb,2.2594198869996944,16.73141983100004,3692,512,2091.2722936758996,4.084516198585741
1773750654.7973292,0.31331944465637207,113.378,1200.0,877.0,100.0,90.35530090332031,0.05123424530029297,5.808836263656616,prefill,,req-c5177485-1e8c-4b90-af09-9be7d77ccdbb,2.2594198869996944,16.73141983100004,3692,512,2091.2722936758996,4.084516198585741
1773750654.8506331,0.3666234016418457,193.556,1200.0,877.0,100.0,90.35530090332031,0.05330395698547363,10.317300698280334,prefill,,req-c5177485-1e8c-4b90-af09-9be7d77ccdbb,2.2594198869996944,16.73141983100004,3692,512,2091.2722936758996,4.084516198585741
1773750654.9018745,0.4178647994995117,134.191,1200.0,877.0,100.0,90.35530090332031,0.051241397857666016,6.876134419918061,prefill,,req-c5177485-1e8c-4b90-af09-9be7d77ccdbb,2.2594198869996944,16.73141983100004,3692,512,2091.2722936758996,4.084516198585741
1773750654.9531028,0.46909308433532715,94.97,1200.0,877.0,100.0,90.35530090332031,0.05122828483581543,4.865150210857391,prefill,,req-c5177485-1e8c-4b90-af09-9be7d77ccdbb,2.2594198869996944,16.73141983100004,3692,512,2091.2722936758996,4.084516198585741
1773750655.0043452,0.5203354358673096,126.988,1200.0,877.0,100.0,90.35530090332031,0.05124235153198242,6.507163736343384,prefill,,req-c5177485-1e8c-4b90-af09-9be7d77ccdbb,2.2594198869996944,16.73141983100004,3692,512,2091.2722936758996,4.084516198585741
1773750655.0555873,0.5715775489807129,212.808,1200.0,877.0,100.0,90.35530090332031,0.05124211311340332,10.904731607437133,prefill,,req-c5177485-1e8c-4b90-af09-9be7d77ccdbb,2.2594198869996944,16.73141983100004,3692,512,2091.2722936758996,4.084516198585741
1773750655.1068385,0.6228287220001221,89.191,1200.0,877.0,100.0,90.35530090332031,0.05125117301940918,4.571143372774125,prefill,,req-c5177485-1e8c-4b90-af09-9be7d77ccdbb,2.2594198869996944,16.73141983100004,3692,512,2091.2722936758996,4.084516198585741
1773750655.158084,0.6740741729736328,99.834,1200.0,877.0,100.0,90.35530090332031,0.05124545097351074,5.116038352489472,prefill,,req-c5177485-1e8c-4b90-af09-9be7d77ccdbb,2.2594198869996944,16.73141983100004,3692,512,2091.2722936758996,4.084516198585741
1773750655.211552,0.7275421619415283,137.106,1200.0,877.0,100.0,90.35530090332031,0.05346798896789551,7.330782095432281,prefill,,req-c5177485-1e8c-4b90-af09-9be7d77ccdbb,2.2594198869996944,16.73141983100004,3692,512,2091.2722936758996,4.084516198585741
1773750655.2628126,0.7788028717041016,198.889,1200.0,877.0,100.0,90.35530090332031,0.05126070976257324,10.19519130396843,prefill,,req-c5177485-1e8c-4b90-af09-9be7d77ccdbb,2.2594198869996944,16.73141983100004,3692,512,2091.2722936758996,4.084516198585741
1773750655.3140497,0.8300399780273438,90.652,1200.0,877.0,100.0,90.35530090332031,0.05123710632324219,4.644746162414551,prefill,,req-c5177485-1e8c-4b90-af09-9be7d77ccdbb,2.2594198869996944,16.73141983100004,3692,512,2091.2722936758996,4.084516198585741
1773750655.365288,0.8812782764434814,105.184,1200.0,877.0,100.0,90.35530090332031,0.051238298416137695,5.389449180603028,prefill,,req-c5177485-1e8c-4b90-af09-9be7d77ccdbb,2.2594198869996944,16.73141983100004,3692,512,2091.2722936758996,4.084516198585741
1773750655.4165611,0.932551383972168,168.943,1200.0,877.0,100.0,90.35530090332031,0.05127310752868652,8.662232605218888,prefill,,req-c5177485-1e8c-4b90-af09-9be7d77ccdbb,2.2594198869996944,16.73141983100004,3692,512,2091.2722936758996,4.084516198585741
1773750655.4679286,0.9839189052581787,164.092,1200.0,877.0,100.0,90.35530090332031,0.05136752128601074,8.428999302864076,prefill,,req-c5177485-1e8c-4b90-af09-9be7d77ccdbb,2.2594198869996944,16.73141983100004,3692,512,2091.2722936758996,4.084516198585741
1773750655.5191615,1.035151720046997,92.112,1200.0,877.0,100.0,90.35530090332031,0.05123281478881836,4.719157035827636,prefill,,req-c5177485-1e8c-4b90-af09-9be7d77ccdbb,2.2594198869996944,16.73141983100004,3692,512,2091.2722936758996,4.084516198585741
1773750655.5721989,1.0881891250610352,112.966,1200.0,877.0,100.0,90.35530090332031,0.053037405014038086,5.991423494815826,prefill,,req-c5177485-1e8c-4b90-af09-9be7d77ccdbb,2.2594198869996944,16.73141983100004,3692,512,2091.2722936758996,4.084516198585741
1773750655.6234794,1.1394696235656738,201.18,1200.0,877.0,100.0,90.35530090332031,0.05128049850463867,10.316610689163209,prefill,,req-c5177485-1e8c-4b90-af09-9be7d77ccdbb,2.2594198869996944,16.73141983100004,3692,512,2091.2722936758996,4.084516198585741
1773750655.6767788,1.1927690505981445,142.355,1200.0,877.0,100.0,90.35530090332031,0.0532994270324707,7.5874399352073665,prefill,,req-c5177485-1e8c-4b90-af09-9be7d77ccdbb,2.2594198869996944,16.73141983100004,3692,512,2091.2722936758996,4.084516198585741
1773750655.7280314,1.2440216541290283,94.059,1200.0,877.0,100.0,90.35530090332031,0.05125260353088379,4.820768635511398,prefill,,req-c5177485-1e8c-4b90-af09-9be7d77ccdbb,2.2594198869996944,16.73141983100004,3692,512,2091.2722936758996,4.084516198585741
1773750655.7792807,1.2952709197998047,120.669,1200.0,877.0,100.0,90.35530090332031,0.05124926567077637,6.184197639226913,prefill,,req-c5177485-1e8c-4b90-af09-9be7d77ccdbb,2.2594198869996944,16.73141983100004,3692,512,2091.2722936758996,4.084516198585741
1773750655.8329794,1.3489696979522705,217.025,1200.0,877.0,100.0,90.35530090332031,0.05369877815246582,11.653977328538895,prefill,,req-c5177485-1e8c-4b90-af09-9be7d77ccdbb,2.2594198869996944,16.73141983100004,3692,512,2091.2722936758996,4.084516198585741
1773750655.884217,1.400207281112671,115.809,1200.0,877.0,100.0,90.35530090332031,0.05123758316040039,5.933773268222809,prefill,,req-c5177485-1e8c-4b90-af09-9be7d77ccdbb,2.2594198869996944,16.73141983100004,3692,512,2091.2722936758996,4.084516198585741
1773750655.935449,1.4514391422271729,96.429,1200.0,877.0,100.0,90.35530090332031,0.05123186111450195,4.9402371354103085,prefill,,req-c5177485-1e8c-4b90-af09-9be7d77ccdbb,2.2594198869996944,16.73141983100004,3692,512,2091.2722936758996,4.084516198585741
1773750655.9877217,1.5037119388580322,127.961,1200.0,877.0,100.0,90.35530090332031,0.052272796630859375,6.688879329681396,prefill,,req-c5177485-1e8c-4b90-af09-9be7d77ccdbb,2.2594198869996944,16.73141983100004,3692,512,2091.2722936758996,4.084516198585741
1773750656.0389977,1.554987907409668,206.025,1200.0,877.0,100.0,90.35530090332031,0.05127596855163574,10.564131420850755,prefill,,req-c5177485-1e8c-4b90-af09-9be7d77ccdbb,2.2594198869996944,16.73141983100004,3692,512,2091.2722936758996,4.084516198585741
1773750656.0980513,1.6140415668487549,143.421,1200.0,877.0,100.0,90.35530090332031,0.059053659439086914,8.469534890413284,prefill,,req-c5177485-1e8c-4b90-af09-9be7d77ccdbb,2.2594198869996944,16.73141983100004,3692,512,2091.2722936758996,4.084516198585741
1773750656.149302,1.6652922630310059,94.545,1200.0,877.0,100.0,90.35530090332031,0.05125069618225098,4.845497070550919,prefill,,req-c5177485-1e8c-4b90-af09-9be7d77ccdbb,2.2594198869996944,16.73141983100004,3692,512,2091.2722936758996,4.084516198585741
1773750656.2005477,1.7165379524230957,123.1,1200.0,877.0,100.0,90.35530090332031,0.051245689392089844,6.30834436416626,prefill,,req-c5177485-1e8c-4b90-af09-9be7d77ccdbb,2.2594198869996944,16.73141983100004,3692,512,2091.2722936758996,4.084516198585741
1773750656.254002,1.7699923515319824,216.056,1200.0,877.0,100.0,90.35530090332031,0.05345439910888672,11.54914365386963,prefill,,req-c5177485-1e8c-4b90-af09-9be7d77ccdbb,2.2594198869996944,16.73141983100004,3692,512,2091.2722936758996,4.084516198585741
1773750656.3052511,1.8212413787841797,95.942,1200.0,877.0,100.0,90.35530090332031,0.051249027252197266,4.9169341726303095,prefill,,req-c5177485-1e8c-4b90-af09-9be7d77ccdbb,2.2594198869996944,16.73141983100004,3692,512,2091.2722936758996,4.084516198585741
1773750656.3565037,1.8724939823150635,97.402,1200.0,877.0,100.0,90.35530090332031,0.05125260353088379,4.9921060891151425,prefill,,req-c5177485-1e8c-4b90-af09-9be7d77ccdbb,2.2594198869996944,16.73141983100004,3692,512,2091.2722936758996,4.084516198585741
1773750656.4077504,1.9237406253814697,136.62,1200.0,877.0,100.0,90.35530090332031,0.05124664306640625,7.001316375732422,prefill,,req-c5177485-1e8c-4b90-af09-9be7d77ccdbb,2.2594198869996944,16.73141983100004,3692,512,2091.2722936758996,4.084516198585741
1773750656.4590101,1.9750003814697266,207.963,1200.0,877.0,100.0,90.35530090332031,0.051259756088256836,10.660132655382156,prefill,,req-c5177485-1e8c-4b90-af09-9be7d77ccdbb,2.2594198869996944,16.73141983100004,3692,512,2091.2722936758996,4.084516198585741
1773750656.5103984,2.026388645172119,90.165,1200.0,877.0,100.0,90.35530090332031,0.05138826370239258,4.633422796726227,prefill,,req-c5177485-1e8c-4b90-af09-9be7d77ccdbb,2.2594198869996944,16.73141983100004,3692,512,2091.2722936758996,4.084516198585741
1773750656.561659,2.0776493549346924,101.293,1200.0,877.0,100.0,90.35530090332031,0.05126070976257324,5.192351073980332,prefill,,req-c5177485-1e8c-4b90-af09-9be7d77ccdbb,2.2594198869996944,16.73141983100004,3692,512,2091.2722936758996,4.084516198585741
1773750656.6497629,2.165753126144409,89.191,1200.0,877.0,100.0,90.35530090332031,0.0881037712097168,7.8580634579658515,prefill,,req-c5177485-1e8c-4b90-af09-9be7d77ccdbb,2.2594198869996944,16.73141983100004,3692,512,2091.2722936758996,4.084516198585741
1773750656.7010415,2.217031717300415,104.211,1200.0,877.0,100.0,90.35530090332031,0.05127859115600586,5.343793262958527,prefill,,req-c5177485-1e8c-4b90-af09-9be7d77ccdbb,2.2594198869996944,16.73141983100004,3692,512,2091.2722936758996,4.084516198585741
1773750656.7524195,2.2684097290039062,168.943,1200.0,877.0,100.0,90.35530090332031,0.05137801170349121,8.679955431222917,decode,TTFT,req-c5177485-1e8c-4b90-af09-9be7d77ccdbb,2.2594198869996944,16.73141983100004,3692,512,2091.2722936758996,4.084516198585741
1773750656.8036869,2.3196771144866943,126.419,1200.0,877.0,100.0,90.35530090332031,0.051267385482788086,6.481171605348587,decode,,req-c5177485-1e8c-4b90-af09-9be7d77ccdbb,2.2594198869996944,16.73141983100004,3692,512,2091.2722936758996,4.084516198585741
1773750656.856291,2.372281312942505,124.072,1200.0,877.0,100.0,90.35530090332031,0.05260419845581055,6.526708110809326,decode,,req-c5177485-1e8c-4b90-af09-9be7d77ccdbb,2.2594198869996944,16.73141983100004,3692,512,2091.2722936758996,4.084516198585741
1773750656.9075525,2.4235427379608154,122.533,1200.0,877.0,100.0,90.35530090332031,0.05126142501831055,6.281216191768646,decode,,req-c5177485-1e8c-4b90-af09-9be7d77ccdbb,2.2594198869996944,16.73141983100004,3692,512,2091.2722936758996,4.084516198585741
1773750656.958834,2.4748241901397705,124.558,1200.0,877.0,100.0,90.35530090332031,0.05128145217895508,6.387515120506287,decode,,req-c5177485-1e8c-4b90-af09-9be7d77ccdbb,2.2594198869996944,16.73141983100004,3692,512,2091.2722936758996,4.084516198585741
1773750657.0101488,2.5261390209198,121.561,1200.0,877.0,100.0,90.35530090332031,0.0513148307800293,6.237882144451142,decode,,req-c5177485-1e8c-4b90-af09-9be7d77ccdbb,2.2594198869996944,16.73141983100004,3692,512,2091.2722936758996,4.084516198585741
1773750657.0614407,2.5774309635162354,125.933,1200.0,877.0,100.0,90.35530090332031,0.05129194259643555,6.459348206996918,decode,,req-c5177485-1e8c-4b90-af09-9be7d77ccdbb,2.2594198869996944,16.73141983100004,3692,512,2091.2722936758996,4.084516198585741
1773750657.1128638,2.6288540363311768,123.1,1200.0,877.0,100.0,90.35530090332031,0.051423072814941406,6.330180263519287,decode,,req-c5177485-1e8c-4b90-af09-9be7d77ccdbb,2.2594198869996944,16.73141983100004,3692,512,2091.2722936758996,4.084516198585741
1773750657.1641505,2.680140733718872,121.561,1200.0,877.0,100.0,90.35530090332031,0.05128669738769531,6.23446222114563,decode,,req-c5177485-1e8c-4b90-af09-9be7d77ccdbb,2.2594198869996944,16.73141983100004,3692,512,2091.2722936758996,4.084516198585741
1773750657.2154515,2.7314417362213135,126.016,1200.0,877.0,100.0,90.35530090332031,0.051301002502441406,6.464747131347656,decode,,req-c5177485-1e8c-4b90-af09-9be7d77ccdbb,2.2594198869996944,16.73141983100004,3692,512,2091.2722936758996,4.084516198585741
1773750657.266742,2.7827322483062744,122.533,1200.0,877.0,100.0,90.35530090332031,0.05129051208496094,6.284780317306518,decode,,req-c5177485-1e8c-4b90-af09-9be7d77ccdbb,2.2594198869996944,16.73141983100004,3692,512,2091.2722936758996,4.084516198585741
1773750657.318003,2.8339931964874268,122.614,1200.0,877.0,100.0,90.35530090332031,0.051260948181152344,6.2853099002838135,decode,,req-c5177485-1e8c-4b90-af09-9be7d77ccdbb,2.2594198869996944,16.73141983100004,3692,512,2091.2722936758996,4.084516198585741
1773750657.3692684,2.885258674621582,124.558,1200.0,877.0,100.0,90.35530090332031,0.05126547813415527,6.385525425434113,decode,,req-c5177485-1e8c-4b90-af09-9be7d77ccdbb,2.2594198869996944,16.73141983100004,3692,512,2091.2722936758996,4.084516198585741
1773750657.420561,2.936551332473755,124.558,1200.0,877.0,100.0,90.35530090332031,0.05129265785217285,6.388910876750947,decode,,req-c5177485-1e8c-4b90-af09-9be7d77ccdbb,2.2594198869996944,16.73141983100004,3692,512,2091.2722936758996,4.084516198585741
1773750657.4718235,2.987813711166382,123.667,1200.0,877.0,100.0,90.35530090332031,0.05126237869262695,6.339464585781098,decode,,req-c5177485-1e8c-4b90-af09-9be7d77ccdbb,2.2594198869996944,16.73141983100004,3692,512,2091.2722936758996,4.084516198585741
1773750657.523083,3.0390732288360596,124.072,1200.0,877.0,100.0,90.35530090332031,0.051259517669677734,6.359870876312256,decode,,req-c5177485-1e8c-4b90-af09-9be7d77ccdbb,2.2594198869996944,16.73141983100004,3692,512,2091.2722936758996,4.084516198585741
1773750657.57559,3.0915801525115967,124.558,1200.0,877.0,100.0,90.35530090332031,0.05250692367553711,6.540157399177551,decode,,req-c5177485-1e8c-4b90-af09-9be7d77ccdbb,2.2594198869996944,16.73141983100004,3692,512,2091.2722936758996,4.084516198585741
1773750657.626893,3.14288330078125,126.502,1200.0,877.0,100.0,90.35530090332031,0.05130314826965332,6.489950862407684,decode,,req-c5177485-1e8c-4b90-af09-9be7d77ccdbb,2.2594198869996944,16.73141983100004,3692,512,2091.2722936758996,4.084516198585741
1773750657.678146,3.194136142730713,118.647,1200.0,877.0,100.0,90.35530090332031,0.05125284194946289,6.0809959387779235,decode,,req-c5177485-1e8c-4b90-af09-9be7d77ccdbb,2.2594198869996944,16.73141983100004,3692,512,2091.2722936758996,4.084516198585741
1773750657.7294128,3.2454030513763428,124.476,1200.0,877.0,100.0,90.35530090332031,0.05126690864562988,6.381499720573426,decode,,req-c5177485-1e8c-4b90-af09-9be7d77ccdbb,2.2594198869996944,16.73141983100004,3692,512,2091.2722936758996,4.084516198585741
1773750657.7806685,3.296658754348755,123.1,1200.0,877.0,100.0,90.35530090332031,0.05125570297241211,6.3095770359039305,decode,,req-c5177485-1e8c-4b90-af09-9be7d77ccdbb,2.2594198869996944,16.73141983100004,3692,512,2091.2722936758996,4.084516198585741
1773750657.831973,3.347963333129883,122.614,1200.0,877.0,100.0,90.35530090332031,0.05130457878112793,6.29065962266922,decode,,req-c5177485-1e8c-4b90-af09-9be7d77ccdbb,2.2594198869996944,16.73141983100004,3692,512,2091.2722936758996,4.084516198585741
1773750657.8832643,3.399254560470581,122.614,1200.0,877.0,100.0,90.35530090332031,0.05129122734069824,6.289022549152374,decode,,req-c5177485-1e8c-4b90-af09-9be7d77ccdbb,2.2594198869996944,16.73141983100004,3692,512,2091.2722936758996,4.084516198585741
1773750657.934636,3.4506263732910156,119.697,1200.0,877.0,100.0,90.35530090332031,0.05137181282043457,6.149051879167557,decode,,req-c5177485-1e8c-4b90-af09-9be7d77ccdbb,2.2594198869996944,16.73141983100004,3692,512,2091.2722936758996,4.084516198585741
1773750657.9858956,3.5018858909606934,125.53,1200.0,877.0,100.0,90.35530090332031,0.051259517669677734,6.434607253074646,decode,,req-c5177485-1e8c-4b90-af09-9be7d77ccdbb,2.2594198869996944,16.73141983100004,3692,512,2091.2722936758996,4.084516198585741
1773750658.0371516,3.5531418323516846,125.044,1200.0,877.0,100.0,90.35530090332031,0.05125594139099121,6.409247935295105,decode,,req-c5177485-1e8c-4b90-af09-9be7d77ccdbb,2.2594198869996944,16.73141983100004,3692,512,2091.2722936758996,4.084516198585741
1773750658.0884652,3.6044554710388184,123.667,1200.0,877.0,100.0,90.35530090332031,0.05131363868713379,6.345803755521774,decode,,req-c5177485-1e8c-4b90-af09-9be7d77ccdbb,2.2594198869996944,16.73141983100004,3692,512,2091.2722936758996,4.084516198585741
1773750658.1397202,3.655710458755493,126.016,1200.0,877.0,100.0,90.35530090332031,0.051254987716674805,6.458948532104492,decode,,req-c5177485-1e8c-4b90-af09-9be7d77ccdbb,2.2594198869996944,16.73141983100004,3692,512,2091.2722936758996,4.084516198585741
1773750658.1909955,3.7069857120513916,122.047,1200.0,877.0,100.0,90.35530090332031,0.05127525329589844,6.257990839004516,decode,,req-c5177485-1e8c-4b90-af09-9be7d77ccdbb,2.2594198869996944,16.73141983100004,3692,512,2091.2722936758996,4.084516198585741
1773750658.2423253,3.7583155632019043,126.016,1200.0,877.0,100.0,90.35530090332031,0.051329851150512695,6.468382522583008,decode,,req-c5177485-1e8c-4b90-af09-9be7d77ccdbb,2.2594198869996944,16.73141983100004,3692,512,2091.2722936758996,4.084516198585741
1773750658.2936668,3.809657096862793,123.667,1200.0,877.0,100.0,90.35530090332031,0.05134153366088867,6.349253443241119,decode,,req-c5177485-1e8c-4b90-af09-9be7d77ccdbb,2.2594198869996944,16.73141983100004,3692,512,2091.2722936758996,4.084516198585741
1773750658.344941,3.860931158065796,122.047,1200.0,877.0,100.0,90.35530090332031,0.05127406120300293,6.257845347642898,decode,,req-c5177485-1e8c-4b90-af09-9be7d77ccdbb,2.2594198869996944,16.73141983100004,3692,512,2091.2722936758996,4.084516198585741
1773750658.39643,3.9124202728271484,126.988,1200.0,877.0,100.0,90.35530090332031,0.05148911476135254,6.538499705314636,decode,,req-c5177485-1e8c-4b90-af09-9be7d77ccdbb,2.2594198869996944,16.73141983100004,3692,512,2091.2722936758996,4.084516198585741
1773750658.4476867,3.963676929473877,124.072,1200.0,877.0,100.0,90.35530090332031,0.051256656646728516,6.359515903472901,decode,,req-c5177485-1e8c-4b90-af09-9be7d77ccdbb,2.2594198869996944,16.73141983100004,3692,512,2091.2722936758996,4.084516198585741
1773750658.4990091,4.0149993896484375,122.614,1200.0,877.0,100.0,90.35530090332031,0.05132246017456055,6.292852131843567,decode,,req-c5177485-1e8c-4b90-af09-9be7d77ccdbb,2.2594198869996944,16.73141983100004,3692,512,2091.2722936758996,4.084516198585741
1773750658.550281,4.0662713050842285,124.558,1200.0,877.0,100.0,90.35530090332031,0.051271915435791016,6.386327242851258,decode,,req-c5177485-1e8c-4b90-af09-9be7d77ccdbb,2.2594198869996944,16.73141983100004,3692,512,2091.2722936758996,4.084516198585741
1773750658.6016185,4.1176087856292725,121.155,1200.0,877.0,100.0,90.35530090332031,0.051337480545043945,6.219792455434799,decode,,req-c5177485-1e8c-4b90-af09-9be7d77ccdbb,2.2594198869996944,16.73141983100004,3692,512,2091.2722936758996,4.084516198585741
1773750658.6528602,4.168850421905518,124.558,1200.0,877.0,100.0,90.35530090332031,0.05124163627624512,6.38255573129654,decode,,req-c5177485-1e8c-4b90-af09-9be7d77ccdbb,2.2594198869996944,16.73141983100004,3692,512,2091.2722936758996,4.084516198585741
1773750658.7042,4.2201902866363525,126.016,1200.0,877.0,100.0,90.35530090332031,0.05133986473083496,6.469644393920898,decode,,req-c5177485-1e8c-4b90-af09-9be7d77ccdbb,2.2594198869996944,16.73141983100004,3692,512,2091.2722936758996,4.084516198585741
1773750658.7554636,4.271453857421875,124.154,1200.0,877.0,100.0,90.35530090332031,0.05126357078552246,6.364577367305755,decode,,req-c5177485-1e8c-4b90-af09-9be7d77ccdbb,2.2594198869996944,16.73141983100004,3692,512,2091.2722936758996,4.084516198585741
1773750658.8067229,4.322713136672974,124.558,1200.0,877.0,100.0,90.35530090332031,0.05125927925109863,6.384753304958344,decode,,req-c5177485-1e8c-4b90-af09-9be7d77ccdbb,2.2594198869996944,16.73141983100004,3692,512,2091.2722936758996,4.084516198585741
1773750658.8587556,4.374745845794678,119.133,1200.0,877.0,100.0,90.35530090332031,0.0520327091217041,6.198812735795975,decode,,req-c5177485-1e8c-4b90-af09-9be7d77ccdbb,2.2594198869996944,16.73141983100004,3692,512,2091.2722936758996,4.084516198585741
1773750658.9100156,4.426005840301514,124.558,1200.0,877.0,100.0,90.35530090332031,0.05125999450683594,6.384842395782471,decode,,req-c5177485-1e8c-4b90-af09-9be7d77ccdbb,2.2594198869996944,16.73141983100004,3692,512,2091.2722936758996,4.084516198585741
1773750658.9612668,4.477257013320923,123.99,1200.0,877.0,100.0,90.35530090332031,0.05125117301940918,6.3546329426765435,decode,,req-c5177485-1e8c-4b90-af09-9be7d77ccdbb,2.2594198869996944,16.73141983100004,3692,512,2091.2722936758996,4.084516198585741
1773750659.012657,4.528647184371948,122.533,1200.0,877.0,100.0,90.35530090332031,0.05139017105102539,6.296991829395294,decode,,req-c5177485-1e8c-4b90-af09-9be7d77ccdbb,2.2594198869996944,16.73141983100004,3692,512,2091.2722936758996,4.084516198585741
1773750659.0639184,4.579908609390259,124.558,1200.0,877.0,100.0,90.35530090332031,0.05126142501831055,6.385020577430725,decode,,req-c5177485-1e8c-4b90-af09-9be7d77ccdbb,2.2594198869996944,16.73141983100004,3692,512,2091.2722936758996,4.084516198585741
1773750659.1151552,4.631145477294922,126.502,1200.0,877.0,100.0,90.35530090332031,0.051236867904663086,6.481566263675689,decode,,req-c5177485-1e8c-4b90-af09-9be7d77ccdbb,2.2594198869996944,16.73141983100004,3692,512,2091.2722936758996,4.084516198585741
1773750659.1664174,4.68240761756897,120.669,1200.0,877.0,100.0,90.35530090332031,0.05126214027404785,6.18575120472908,decode,,req-c5177485-1e8c-4b90-af09-9be7d77ccdbb,2.2594198869996944,16.73141983100004,3692,512,2091.2722936758996,4.084516198585741
1773750659.2180083,4.733998537063599,127.474,1200.0,877.0,100.0,90.35530090332031,0.051590919494628906,6.576500871658325,decode,,req-c5177485-1e8c-4b90-af09-9be7d77ccdbb,2.2594198869996944,16.73141983100004,3692,512,2091.2722936758996,4.084516198585741
1773750659.2693186,4.785308837890625,126.016,1200.0,877.0,100.0,90.35530090332031,0.05131030082702637,6.465918869018555,decode,,req-c5177485-1e8c-4b90-af09-9be7d77ccdbb,2.2594198869996944,16.73141983100004,3692,512,2091.2722936758996,4.084516198585741
1773750659.3205965,4.8365867137908936,121.561,1200.0,877.0,100.0,90.35530090332031,0.051277875900268555,6.2333898723125465,decode,,req-c5177485-1e8c-4b90-af09-9be7d77ccdbb,2.2594198869996944,16.73141983100004,3692,512,2091.2722936758996,4.084516198585741
1773750659.371856,4.887846231460571,125.53,1200.0,877.0,100.0,90.35530090332031,0.051259517669677734,6.434607253074646,decode,,req-c5177485-1e8c-4b90-af09-9be7d77ccdbb,2.2594198869996944,16.73141983100004,3692,512,2091.2722936758996,4.084516198585741
1773750659.423141,4.939131259918213,123.586,1200.0,877.0,100.0,90.35530090332031,0.0512850284576416,6.338111526966095,decode,,req-c5177485-1e8c-4b90-af09-9be7d77ccdbb,2.2594198869996944,16.73141983100004,3692,512,2091.2722936758996,4.084516198585741
1773750659.4743996,4.990389823913574,126.419,1200.0,877.0,100.0,90.35530090332031,0.05125856399536133,6.480056401729583,decode,,req-c5177485-1e8c-4b90-af09-9be7d77ccdbb,2.2594198869996944,16.73141983100004,3692,512,2091.2722936758996,4.084516198585741
1773750659.5256674,5.0416576862335205,123.667,1200.0,877.0,100.0,90.35530090332031,0.05126786231994629,6.340142729520798,decode,,req-c5177485-1e8c-4b90-af09-9be7d77ccdbb,2.2594198869996944,16.73141983100004,3692,512,2091.2722936758996,4.084516198585741
1773750659.5769396,5.092929840087891,123.1,1200.0,877.0,100.0,90.35530090332031,0.05127215385437012,6.311602139472961,decode,,req-c5177485-1e8c-4b90-af09-9be7d77ccdbb,2.2594198869996944,16.73141983100004,3692,512,2091.2722936758996,4.084516198585741
1773750659.6282182,5.1442084312438965,125.53,1200.0,877.0,100.0,90.35530090332031,0.05127859115600586,6.4370015478134155,decode,,req-c5177485-1e8c-4b90-af09-9be7d77ccdbb,2.2594198869996944,16.73141983100004,3692,512,2091.2722936758996,4.084516198585741
1773750659.680412,5.196402311325073,124.558,1200.0,877.0,100.0,90.35530090332031,0.05219388008117676,6.501165315151215,decode,,req-c5177485-1e8c-4b90-af09-9be7d77ccdbb,2.2594198869996944,16.73141983100004,3692,512,2091.2722936758996,4.084516198585741
1773750659.7316556,5.247645854949951,126.016,1200.0,877.0,100.0,90.35530090332031,0.05124354362487793,6.457506393432618,decode,,req-c5177485-1e8c-4b90-af09-9be7d77ccdbb,2.2594198869996944,16.73141983100004,3692,512,2091.2722936758996,4.084516198585741
1773750659.782929,5.298919200897217,123.586,1200.0,877.0,100.0,90.35530090332031,0.051273345947265625,6.3366677322387694,decode,,req-c5177485-1e8c-4b90-af09-9be7d77ccdbb,2.2594198869996944,16.73141983100004,3692,512,2091.2722936758996,4.084516198585741
1773750659.8342097,5.350199937820435,122.614,1200.0,877.0,100.0,90.35530090332031,0.05128073692321777,6.287736277103424,decode,,req-c5177485-1e8c-4b90-af09-9be7d77ccdbb,2.2594198869996944,16.73141983100004,3692,512,2091.2722936758996,4.084516198585741
1773750659.885469,5.401459217071533,127.474,1200.0,877.0,100.0,90.35530090332031,0.05125927925109863,6.5342253632545475,decode,,req-c5177485-1e8c-4b90-af09-9be7d77ccdbb,2.2594198869996944,16.73141983100004,3692,512,2091.2722936758996,4.084516198585741
1773750659.9367263,5.452716588973999,121.076,1200.0,877.0,100.0,90.35530090332031,0.05125737190246582,6.206037560462951,decode,,req-c5177485-1e8c-4b90-af09-9be7d77ccdbb,2.2594198869996944,16.73141983100004,3692,512,2091.2722936758996,4.084516198585741
1773750659.9879978,5.503988027572632,125.044,1200.0,877.0,100.0,90.35530090332031,0.05127143859863281,6.411185768127441,decode,,req-c5177485-1e8c-4b90-af09-9be7d77ccdbb,2.2594198869996944,16.73141983100004,3692,512,2091.2722936758996,4.084516198585741
1773750660.039541,5.55553126335144,124.072,1200.0,877.0,100.0,90.35530090332031,0.051543235778808594,6.39507234954834,decode,,req-c5177485-1e8c-4b90-af09-9be7d77ccdbb,2.2594198869996944,16.73141983100004,3692,512,2091.2722936758996,4.084516198585741
1773750660.090801,5.606791257858276,123.586,1200.0,877.0,100.0,90.35530090332031,0.05125999450683594,6.335017681121826,decode,,req-c5177485-1e8c-4b90-af09-9be7d77ccdbb,2.2594198869996944,16.73141983100004,3692,512,2091.2722936758996,4.084516198585741
1773750660.142056,5.658046245574951,122.047,1200.0,877.0,100.0,90.35530090332031,0.051254987716674805,6.25551748585701,decode,,req-c5177485-1e8c-4b90-af09-9be7d77ccdbb,2.2594198869996944,16.73141983100004,3692,512,2091.2722936758996,4.084516198585741
1773750660.1933305,5.709320783615112,126.905,1200.0,877.0,100.0,90.35530090332031,0.05127453804016113,6.506995249986649,decode,,req-c5177485-1e8c-4b90-af09-9be7d77ccdbb,2.2594198869996944,16.73141983100004,3692,512,2091.2722936758996,4.084516198585741
1773750660.2445776,5.760567903518677,120.669,1200.0,877.0,100.0,90.35530090332031,0.05124711990356445,6.1839387116432185,decode,,req-c5177485-1e8c-4b90-af09-9be7d77ccdbb,2.2594198869996944,16.73141983100004,3692,512,2091.2722936758996,4.084516198585741
1773750660.295851,5.811841249465942,125.044,1200.0,877.0,100.0,90.35530090332031,0.051273345947265625,6.411424270629882,decode,,req-c5177485-1e8c-4b90-af09-9be7d77ccdbb,2.2594198869996944,16.73141983100004,3692,512,2091.2722936758996,4.084516198585741
1773750660.3471227,5.863112926483154,123.586,1200.0,877.0,100.0,90.35530090332031,0.051271677017211914,6.336461475849151,decode,,req-c5177485-1e8c-4b90-af09-9be7d77ccdbb,2.2594198869996944,16.73141983100004,3692,512,2091.2722936758996,4.084516198585741
1773750660.3984318,5.914422035217285,126.502,1200.0,877.0,100.0,90.35530090332031,0.05130910873413086,6.490704873085022,decode,,req-c5177485-1e8c-4b90-af09-9be7d77ccdbb,2.2594198869996944,16.73141983100004,3692,512,2091.2722936758996,4.084516198585741
1773750660.44971,5.965700149536133,125.044,1200.0,877.0,100.0,90.35530090332031,0.051278114318847656,6.4120205268859864,decode,,req-c5177485-1e8c-4b90-af09-9be7d77ccdbb,2.2594198869996944,16.73141983100004,3692,512,2091.2722936758996,4.084516198585741
1773750660.5011828,6.0171730518341064,123.1,1200.0,877.0,100.0,90.35530090332031,0.05147290229797363,6.3363142728805535,decode,,req-c5177485-1e8c-4b90-af09-9be7d77ccdbb,2.2594198869996944,16.73141983100004,3692,512,2091.2722936758996,4.084516198585741
1773750660.5524342,6.068424463272095,126.419,1200.0,877.0,100.0,90.35530090332031,0.05125141143798828,6.479152182579041,decode,,req-c5177485-1e8c-4b90-af09-9be7d77ccdbb,2.2594198869996944,16.73141983100004,3692,512,2091.2722936758996,4.084516198585741
1773750660.60371,6.119700193405151,122.533,1200.0,877.0,100.0,90.35530090332031,0.05127573013305664,6.282969040393829,decode,,req-c5177485-1e8c-4b90-af09-9be7d77ccdbb,2.2594198869996944,16.73141983100004,3692,512,2091.2722936758996,4.084516198585741
1773750660.654964,6.17095422744751,127.474,1200.0,877.0,100.0,90.35530090332031,0.0512540340423584,6.533556735515595,decode,,req-c5177485-1e8c-4b90-af09-9be7d77ccdbb,2.2594198869996944,16.73141983100004,3692,512,2091.2722936758996,4.084516198585741
1773750660.7062411,6.222231388092041,123.181,1200.0,877.0,100.0,90.35530090332031,0.05127716064453125,6.316371925354003,decode,,req-c5177485-1e8c-4b90-af09-9be7d77ccdbb,2.2594198869996944,16.73141983100004,3692,512,2091.2722936758996,4.084516198585741
1773750660.7575035,6.273493766784668,120.59,1200.0,877.0,100.0,90.35530090332031,0.05126237869262695,6.181730246543885,decode,,req-c5177485-1e8c-4b90-af09-9be7d77ccdbb,2.2594198869996944,16.73141983100004,3692,512,2091.2722936758996,4.084516198585741
1773750660.8087769,6.324767112731934,127.792,1200.0,877.0,100.0,90.35530090332031,0.051273345947265625,6.552323425292969,decode,,req-c5177485-1e8c-4b90-af09-9be7d77ccdbb,2.2594198869996944,16.73141983100004,3692,512,2091.2722936758996,4.084516198585741
1773750660.8600497,6.376039981842041,123.1,1200.0,877.0,100.0,90.35530090332031,0.05127286911010742,6.311690187454223,decode,,req-c5177485-1e8c-4b90-af09-9be7d77ccdbb,2.2594198869996944,16.73141983100004,3692,512,2091.2722936758996,4.084516198585741
1773750660.9113107,6.427300930023193,120.104,1200.0,877.0,100.0,90.35530090332031,0.051260948181152344,6.156644920349121,decode,,req-c5177485-1e8c-4b90-af09-9be7d77ccdbb,2.2594198869996944,16.73141983100004,3692,512,2091.2722936758996,4.084516198585741
1773750660.9636452,6.47963547706604,120.669,1200.0,877.0,100.0,90.35530090332031,0.05233454704284668,6.315157457113266,decode,,req-c5177485-1e8c-4b90-af09-9be7d77ccdbb,2.2594198869996944,16.73141983100004,3692,512,2091.2722936758996,4.084516198585741
1773750661.014913,6.530903339385986,123.586,1200.0,877.0,100.0,90.35530090332031,0.05126786231994629,6.335990032672882,decode,,req-c5177485-1e8c-4b90-af09-9be7d77ccdbb,2.2594198869996944,16.73141983100004,3692,512,2091.2722936758996,4.084516198585741
1773750661.0661786,6.582168817520142,123.1,1200.0,877.0,100.0,90.35530090332031,0.05126547813415527,6.3107803583145134,decode,,req-c5177485-1e8c-4b90-af09-9be7d77ccdbb,2.2594198869996944,16.73141983100004,3692,512,2091.2722936758996,4.084516198585741
1773750661.117434,6.633424282073975,121.561,1200.0,877.0,100.0,90.35530090332031,0.05125546455383301,6.230665526628495,decode,,req-c5177485-1e8c-4b90-af09-9be7d77ccdbb,2.2594198869996944,16.73141983100004,3692,512,2091.2722936758996,4.084516198585741
1773750661.1686947,6.684684991836548,121.155,1200.0,877.0,100.0,90.35530090332031,0.05126070976257324,6.210491291284561,decode,,req-c5177485-1e8c-4b90-af09-9be7d77ccdbb,2.2594198869996944,16.73141983100004,3692,512,2091.2722936758996,4.084516198585741
1773750661.2200277,6.736017942428589,122.533,1200.0,877.0,100.0,90.35530090332031,0.051332950592041016,6.289980434894562,decode,,req-c5177485-1e8c-4b90-af09-9be7d77ccdbb,2.2594198869996944,16.73141983100004,3692,512,2091.2722936758996,4.084516198585741
1773750661.271295,6.787285327911377,121.642,1200.0,877.0,100.0,90.35530090332031,0.051267385482788086,6.236267304897308,decode,,req-c5177485-1e8c-4b90-af09-9be7d77ccdbb,2.2594198869996944,16.73141983100004,3692,512,2091.2722936758996,4.084516198585741
1773750661.3227203,6.83871054649353,123.1,1200.0,877.0,100.0,90.35530090332031,0.05142521858215332,6.330444407463073,decode,,req-c5177485-1e8c-4b90-af09-9be7d77ccdbb,2.2594198869996944,16.73141983100004,3692,512,2091.2722936758996,4.084516198585741
1773750661.3739974,6.8899877071380615,123.1,1200.0,877.0,100.0,90.35530090332031,0.05127716064453125,6.312218475341797,decode,,req-c5177485-1e8c-4b90-af09-9be7d77ccdbb,2.2594198869996944,16.73141983100004,3692,512,2091.2722936758996,4.084516198585741
1773750661.425254,6.94124436378479,124.64,1200.0,877.0,100.0,90.35530090332031,0.051256656646728516,6.388629684448242,decode,,req-c5177485-1e8c-4b90-af09-9be7d77ccdbb,2.2594198869996944,16.73141983100004,3692,512,2091.2722936758996,4.084516198585741
1773750661.4765267,6.992516994476318,122.614,1200.0,877.0,100.0,90.35530090332031,0.05127263069152832,6.286742339611053,decode,,req-c5177485-1e8c-4b90-af09-9be7d77ccdbb,2.2594198869996944,16.73141983100004,3692,512,2091.2722936758996,4.084516198585741
1773750661.5277789,7.043769121170044,125.044,1200.0,877.0,100.0,90.35530090332031,0.051252126693725586,6.408770930290222,decode,,req-c5177485-1e8c-4b90-af09-9be7d77ccdbb,2.2594198869996944,16.73141983100004,3692,512,2091.2722936758996,4.084516198585741
1773750661.5790381,7.095028400421143,120.59,1200.0,877.0,100.0,90.35530090332031,0.05125927925109863,6.181356484889984,decode,,req-c5177485-1e8c-4b90-af09-9be7d77ccdbb,2.2594198869996944,16.73141983100004,3692,512,2091.2722936758996,4.084516198585741
1773750661.630332,7.146322250366211,124.072,1200.0,877.0,100.0,90.35530090332031,0.05129384994506836,6.364130550384521,decode,,req-c5177485-1e8c-4b90-af09-9be7d77ccdbb,2.2594198869996944,16.73141983100004,3692,512,2091.2722936758996,4.084516198585741
1773750661.6815963,7.197586536407471,123.586,1200.0,877.0,100.0,90.35530090332031,0.051264286041259766,6.3355480546951295,decode,,req-c5177485-1e8c-4b90-af09-9be7d77ccdbb,2.2594198869996944,16.73141983100004,3692,512,2091.2722936758996,4.084516198585741
1773750661.7328634,7.24885368347168,122.533,1200.0,877.0,100.0,90.35530090332031,0.051267147064208984,6.28191733121872,decode,,req-c5177485-1e8c-4b90-af09-9be7d77ccdbb,2.2594198869996944,16.73141983100004,3692,512,2091.2722936758996,4.084516198585741
1773750661.7850335,7.301023721694946,121.561,1200.0,877.0,100.0,90.35530090332031,0.0521700382232666,6.341842016458512,decode,,req-c5177485-1e8c-4b90-af09-9be7d77ccdbb,2.2594198869996944,16.73141983100004,3692,512,2091.2722936758996,4.084516198585741
1773750661.8362775,7.352267742156982,123.019,1200.0,877.0,100.0,90.35530090332031,0.05124402046203613,6.3039881532192235,decode,,req-c5177485-1e8c-4b90-af09-9be7d77ccdbb,2.2594198869996944,16.73141983100004,3692,512,2091.2722936758996,4.084516198585741
1773750661.8875403,7.403530597686768,123.586,1200.0,877.0,100.0,90.35530090332031,0.051262855529785156,6.335371263504029,decode,,req-c5177485-1e8c-4b90-af09-9be7d77ccdbb,2.2594198869996944,16.73141983100004,3692,512,2091.2722936758996,4.084516198585741
1773750661.9388127,7.454802989959717,122.614,1200.0,877.0,100.0,90.35530090332031,0.05127239227294922,6.286713106155395,decode,,req-c5177485-1e8c-4b90-af09-9be7d77ccdbb,2.2594198869996944,16.73141983100004,3692,512,2091.2722936758996,4.084516198585741
1773750661.9900692,7.506059408187866,120.59,1200.0,877.0,100.0,90.35530090332031,0.051256418228149414,6.181011474132538,decode,,req-c5177485-1e8c-4b90-af09-9be7d77ccdbb,2.2594198869996944,16.73141983100004,3692,512,2091.2722936758996,4.084516198585741
1773750662.041337,7.5573272705078125,121.561,1200.0,877.0,100.0,90.35530090332031,0.05126786231994629,6.232172611474991,decode,,req-c5177485-1e8c-4b90-af09-9be7d77ccdbb,2.2594198869996944,16.73141983100004,3692,512,2091.2722936758996,4.084516198585741
1773750662.0925984,7.608588695526123,123.504,1200.0,877.0,100.0,90.35530090332031,0.05126142501831055,6.330991035461426,decode,,req-c5177485-1e8c-4b90-af09-9be7d77ccdbb,2.2594198869996944,16.73141983100004,3692,512,2091.2722936758996,4.084516198585741
1773750662.1439373,7.659927606582642,125.044,1200.0,877.0,100.0,90.35530090332031,0.051338911056518555,6.419622794151306,decode,,req-c5177485-1e8c-4b90-af09-9be7d77ccdbb,2.2594198869996944,16.73141983100004,3692,512,2091.2722936758996,4.084516198585741
1773750662.1951854,7.7111756801605225,122.614,1200.0,877.0,100.0,90.35530090332031,0.05124807357788086,6.283731293678284,decode,,req-c5177485-1e8c-4b90-af09-9be7d77ccdbb,2.2594198869996944,16.73141983100004,3692,512,2091.2722936758996,4.084516198585741
1773750662.246454,7.762444257736206,123.1,1200.0,877.0,100.0,90.35530090332031,0.051268577575683594,6.31116189956665,decode,,req-c5177485-1e8c-4b90-af09-9be7d77ccdbb,2.2594198869996944,16.73141983100004,3692,512,2091.2722936758996,4.084516198585741
1773750662.2977276,7.813717842102051,123.586,1200.0,877.0,100.0,90.35530090332031,0.05127358436584473,6.336697197437286,decode,,req-c5177485-1e8c-4b90-af09-9be7d77ccdbb,2.2594198869996944,16.73141983100004,3692,512,2091.2722936758996,4.084516198585741
1773750662.349005,7.864995241165161,123.586,1200.0,877.0,100.0,90.35530090332031,0.05127739906311035,6.337168640613556,decode,,req-c5177485-1e8c-4b90-af09-9be7d77ccdbb,2.2594198869996944,16.73141983100004,3692,512,2091.2722936758996,4.084516198585741
1773750662.400927,7.916917324066162,125.933,1200.0,877.0,100.0,90.35530090332031,0.05192208290100098,6.538703665971757,decode,,req-c5177485-1e8c-4b90-af09-9be7d77ccdbb,2.2594198869996944,16.73141983100004,3692,512,2091.2722936758996,4.084516198585741
1773750662.4521751,7.968165397644043,121.642,1200.0,877.0,100.0,90.35530090332031,0.05124807357788086,6.233918166160583,decode,,req-c5177485-1e8c-4b90-af09-9be7d77ccdbb,2.2594198869996944,16.73141983100004,3692,512,2091.2722936758996,4.084516198585741
1773750662.5034766,8.019466876983643,121.561,1200.0,877.0,100.0,90.35530090332031,0.05130147933959961,6.236259130001068,decode,,req-c5177485-1e8c-4b90-af09-9be7d77ccdbb,2.2594198869996944,16.73141983100004,3692,512,2091.2722936758996,4.084516198585741
1773750662.5547385,8.070728778839111,122.533,1200.0,877.0,100.0,90.35530090332031,0.05126190185546875,6.281274620056152,decode,,req-c5177485-1e8c-4b90-af09-9be7d77ccdbb,2.2594198869996944,16.73141983100004,3692,512,2091.2722936758996,4.084516198585741
1773750662.6072614,8.123251676559448,122.452,1200.0,877.0,100.0,90.35530090332031,0.052522897720336914,6.431533871650696,decode,,req-c5177485-1e8c-4b90-af09-9be7d77ccdbb,2.2594198869996944,16.73141983100004,3692,512,2091.2722936758996,4.084516198585741
1773750662.6585534,8.174543619155884,121.076,1200.0,877.0,100.0,90.35530090332031,0.05129194259643555,6.21022324180603,decode,,req-c5177485-1e8c-4b90-af09-9be7d77ccdbb,2.2594198869996944,16.73141983100004,3692,512,2091.2722936758996,4.084516198585741
1773750662.7098322,8.225822448730469,124.072,1200.0,877.0,100.0,90.35530090332031,0.05127882957458496,6.3622669429779055,decode,,req-c5177485-1e8c-4b90-af09-9be7d77ccdbb,2.2594198869996944,16.73141983100004,3692,512,2091.2722936758996,4.084516198585741
1773750662.7610874,8.277077674865723,124.962,1200.0,877.0,100.0,90.35530090332031,0.051255226135253906,6.404955568313599,decode,,req-c5177485-1e8c-4b90-af09-9be7d77ccdbb,2.2594198869996944,16.73141983100004,3692,512,2091.2722936758996,4.084516198585741
1773750662.81235,8.328340291976929,123.586,1200.0,877.0,100.0,90.35530090332031,0.051262617111206055,6.335341798305511,decode,,req-c5177485-1e8c-4b90-af09-9be7d77ccdbb,2.2594198869996944,16.73141983100004,3692,512,2091.2722936758996,4.084516198585741
1773750662.8636196,8.379609823226929,121.642,1200.0,877.0,100.0,90.35530090332031,0.05126953125,6.2365283203125,decode,,req-c5177485-1e8c-4b90-af09-9be7d77ccdbb,2.2594198869996944,16.73141983100004,3692,512,2091.2722936758996,4.084516198585741
1773750662.9148808,8.43087100982666,125.53,1200.0,877.0,100.0,90.35530090332031,0.051261186599731445,6.434816753864288,decode,,req-c5177485-1e8c-4b90-af09-9be7d77ccdbb,2.2594198869996944,16.73141983100004,3692,512,2091.2722936758996,4.084516198585741
1773750662.9662223,8.482212543487549,124.072,1200.0,877.0,100.0,90.35530090332031,0.05134153366088867,6.37004676437378,decode,,req-c5177485-1e8c-4b90-af09-9be7d77ccdbb,2.2594198869996944,16.73141983100004,3692,512,2091.2722936758996,4.084516198585741
1773750663.017489,8.5334792137146,122.128,1200.0,877.0,100.0,90.35530090332031,0.05126667022705078,6.2610959014892575,decode,,req-c5177485-1e8c-4b90-af09-9be7d77ccdbb,2.2594198869996944,16.73141983100004,3692,512,2091.2722936758996,4.084516198585741
1773750663.068856,8.584846258163452,122.614,1200.0,877.0,100.0,90.35530090332031,0.05136704444885254,6.298318788051605,decode,,req-c5177485-1e8c-4b90-af09-9be7d77ccdbb,2.2594198869996944,16.73141983100004,3692,512,2091.2722936758996,4.084516198585741
1773750663.120143,8.636133193969727,122.614,1200.0,877.0,100.0,90.35530090332031,0.051286935806274414,6.288496346950531,decode,,req-c5177485-1e8c-4b90-af09-9be7d77ccdbb,2.2594198869996944,16.73141983100004,3692,512,2091.2722936758996,4.084516198585741
1773750663.17145,8.687440156936646,123.504,1200.0,877.0,100.0,90.35530090332031,0.051306962966918945,6.336615154266358,decode,,req-c5177485-1e8c-4b90-af09-9be7d77ccdbb,2.2594198869996944,16.73141983100004,3692,512,2091.2722936758996,4.084516198585741
1773750663.2220972,8.73808741569519,123.1,1200.0,877.0,100.0,90.35530090332031,0.05064725875854492,6.23467755317688,decode,,req-c5177485-1e8c-4b90-af09-9be7d77ccdbb,2.2594198869996944,16.73141983100004,3692,512,2091.2722936758996,4.084516198585741
1773750663.2733586,8.789348840713501,125.933,1200.0,877.0,100.0,90.35530090332031,0.05126142501831055,6.455505036830902,decode,,req-c5177485-1e8c-4b90-af09-9be7d77ccdbb,2.2594198869996944,16.73141983100004,3692,512,2091.2722936758996,4.084516198585741
1773750663.3246162,8.840606451034546,125.044,1200.0,877.0,100.0,90.35530090332031,0.05125761032104492,6.409456624984741,decode,,req-c5177485-1e8c-4b90-af09-9be7d77ccdbb,2.2594198869996944,16.73141983100004,3692,512,2091.2722936758996,4.084516198585741
1773750663.3758693,8.891859531402588,123.504,1200.0,877.0,100.0,90.35530090332031,0.05125308036804199,6.329960437774658,decode,,req-c5177485-1e8c-4b90-af09-9be7d77ccdbb,2.2594198869996944,16.73141983100004,3692,512,2091.2722936758996,4.084516198585741
1773750663.4273064,8.943296670913696,121.076,1200.0,877.0,100.0,90.35530090332031,0.0514371395111084,6.22780310344696,decode,,req-c5177485-1e8c-4b90-af09-9be7d77ccdbb,2.2594198869996944,16.73141983100004,3692,512,2091.2722936758996,4.084516198585741
1773750663.4785738,8.994564056396484,119.133,1200.0,877.0,100.0,90.35530090332031,0.051267385482788086,6.107637434720993,decode,,req-c5177485-1e8c-4b90-af09-9be7d77ccdbb,2.2594198869996944,16.73141983100004,3692,512,2091.2722936758996,4.084516198585741
1773750663.529858,9.045848369598389,125.044,1200.0,877.0,100.0,90.35530090332031,0.0512843132019043,6.41279566001892,decode,,req-c5177485-1e8c-4b90-af09-9be7d77ccdbb,2.2594198869996944,16.73141983100004,3692,512,2091.2722936758996,4.084516198585741
1773750663.5813498,9.097340106964111,125.53,1200.0,877.0,100.0,90.35530090332031,0.051491737365722656,6.463757791519165,decode,,req-c5177485-1e8c-4b90-af09-9be7d77ccdbb,2.2594198869996944,16.73141983100004,3692,512,2091.2722936758996,4.084516198585741
1773750663.6326137,9.148603916168213,124.558,1200.0,877.0,100.0,90.35530090332031,0.05126380920410156,6.385317546844483,decode,,req-c5177485-1e8c-4b90-af09-9be7d77ccdbb,2.2594198869996944,16.73141983100004,3692,512,2091.2722936758996,4.084516198585741
1773750663.6839833,9.199973583221436,126.016,1200.0,877.0,100.0,90.35530090332031,0.051369667053222656,6.473399963378906,decode,,req-c5177485-1e8c-4b90-af09-9be7d77ccdbb,2.2594198869996944,16.73141983100004,3692,512,2091.2722936758996,4.084516198585741
1773750663.7352374,9.251227617263794,120.183,1200.0,877.0,100.0,90.35530090332031,0.0512540340423584,6.15986357331276,decode,,req-c5177485-1e8c-4b90-af09-9be7d77ccdbb,2.2594198869996944,16.73141983100004,3692,512,2091.2722936758996,4.084516198585741
1773750663.7866838,9.302674055099487,124.476,1200.0,877.0,100.0,90.35530090332031,0.05144643783569336,6.403846796035767,decode,,req-c5177485-1e8c-4b90-af09-9be7d77ccdbb,2.2594198869996944,16.73141983100004,3692,512,2091.2722936758996,4.084516198585741
1773750663.8379583,9.353948593139648,126.016,1200.0,877.0,100.0,90.35530090332031,0.05127453804016113,6.461412185668945,decode,,req-c5177485-1e8c-4b90-af09-9be7d77ccdbb,2.2594198869996944,16.73141983100004,3692,512,2091.2722936758996,4.084516198585741
1773750663.8900967,9.406086921691895,125.044,1200.0,877.0,100.0,90.35530090332031,0.052138328552246094,6.519585155487061,decode,,req-c5177485-1e8c-4b90-af09-9be7d77ccdbb,2.2594198869996944,16.73141983100004,3692,512,2091.2722936758996,4.084516198585741
1773750663.941364,9.457354307174683,124.072,1200.0,877.0,100.0,90.35530090332031,0.051267385482788086,6.360847051620484,decode,,req-c5177485-1e8c-4b90-af09-9be7d77ccdbb,2.2594198869996944,16.73141983100004,3692,512,2091.2722936758996,4.084516198585741
1773750663.9926946,9.508684873580933,121.642,1200.0,877.0,100.0,90.35530090332031,0.05133056640625,6.243952758789062,decode,,req-c5177485-1e8c-4b90-af09-9be7d77ccdbb,2.2594198869996944,16.73141983100004,3692,512,2091.2722936758996,4.084516198585741
1773750664.0440655,9.56005573272705,125.044,1200.0,877.0,100.0,90.35530090332031,0.051370859146118164,6.4236177110672,decode,,req-c5177485-1e8c-4b90-af09-9be7d77ccdbb,2.2594198869996944,16.73141983100004,3692,512,2091.2722936758996,4.084516198585741
1773750664.0957203,9.611710548400879,124.558,1200.0,877.0,100.0,90.35530090332031,0.051654815673828125,6.434020530700684,decode,,req-c5177485-1e8c-4b90-af09-9be7d77ccdbb,2.2594198869996944,16.73141983100004,3692,512,2091.2722936758996,4.084516198585741
1773750664.1470404,9.663030624389648,121.561,1200.0,877.0,100.0,90.35530090332031,0.05132007598876953,6.238519757270813,decode,,req-c5177485-1e8c-4b90-af09-9be7d77ccdbb,2.2594198869996944,16.73141983100004,3692,512,2091.2722936758996,4.084516198585741
1773750664.198481,9.714471340179443,122.047,1200.0,877.0,100.0,90.35530090332031,0.05144071578979492,6.2781850399971,decode,,req-c5177485-1e8c-4b90-af09-9be7d77ccdbb,2.2594198869996944,16.73141983100004,3692,512,2091.2722936758996,4.084516198585741
1773750664.2509775,9.7669677734375,122.614,1200.0,877.0,100.0,90.35530090332031,0.05249643325805664,6.436797667503357,decode,,req-c5177485-1e8c-4b90-af09-9be7d77ccdbb,2.2594198869996944,16.73141983100004,3692,512,2091.2722936758996,4.084516198585741
1773750664.3024313,9.818421602249146,125.044,1200.0,877.0,100.0,90.35530090332031,0.05145382881164551,6.433992569923401,decode,,req-c5177485-1e8c-4b90-af09-9be7d77ccdbb,2.2594198869996944,16.73141983100004,3692,512,2091.2722936758996,4.084516198585741
1773750664.3538418,9.869832038879395,124.558,1200.0,877.0,100.0,90.35530090332031,0.05141043663024902,6.403581165790558,decode,,req-c5177485-1e8c-4b90-af09-9be7d77ccdbb,2.2594198869996944,16.73141983100004,3692,512,2091.2722936758996,4.084516198585741
1773750664.4061568,9.922147035598755,121.076,1200.0,877.0,100.0,90.35530090332031,0.05231499671936035,6.334090542793273,decode,,req-c5177485-1e8c-4b90-af09-9be7d77ccdbb,2.2594198869996944,16.73141983100004,3692,512,2091.2722936758996,4.084516198585741
1773750664.4575858,9.973576068878174,121.561,1200.0,877.0,100.0,90.35530090332031,0.051429033279418945,6.251764714479447,decode,,req-c5177485-1e8c-4b90-af09-9be7d77ccdbb,2.2594198869996944,16.73141983100004,3692,512,2091.2722936758996,4.084516198585741
1773750664.5090742,10.025064468383789,122.047,1200.0,877.0,100.0,90.35530090332031,0.051488399505615234,6.284004694461823,decode,,req-c5177485-1e8c-4b90-af09-9be7d77ccdbb,2.2594198869996944,16.73141983100004,3692,512,2091.2722936758996,4.084516198585741
1773750664.560478,10.076468229293823,122.614,1200.0,877.0,100.0,90.35530090332031,0.05140376091003418,6.3028207402229315,decode,,req-c5177485-1e8c-4b90-af09-9be7d77ccdbb,2.2594198869996944,16.73141983100004,3692,512,2091.2722936758996,4.084516198585741
1773750664.6120434,10.128033638000488,124.962,1200.0,877.0,100.0,90.35530090332031,0.05156540870666504,6.443716602802277,decode,,req-c5177485-1e8c-4b90-af09-9be7d77ccdbb,2.2594198869996944,16.73141983100004,3692,512,2091.2722936758996,4.084516198585741
1773750664.6634457,10.179435968399048,121.642,1200.0,877.0,100.0,90.35530090332031,0.05140233039855957,6.252682274341583,decode,,req-c5177485-1e8c-4b90-af09-9be7d77ccdbb,2.2594198869996944,16.73141983100004,3692,512,2091.2722936758996,4.084516198585741
1773750664.7147777,10.230767965316772,122.128,1200.0,877.0,100.0,90.35530090332031,0.05133199691772461,6.269074119567871,decode,,req-c5177485-1e8c-4b90-af09-9be7d77ccdbb,2.2594198869996944,16.73141983100004,3692,512,2091.2722936758996,4.084516198585741
1773750664.766197,10.282187223434448,120.669,1200.0,877.0,100.0,90.35530090332031,0.05141925811767578,6.204710457801819,decode,,req-c5177485-1e8c-4b90-af09-9be7d77ccdbb,2.2594198869996944,16.73141983100004,3692,512,2091.2722936758996,4.084516198585741
1773750664.8176577,10.333647966384888,122.614,1200.0,877.0,100.0,90.35530090332031,0.05146074295043945,6.3098075361251835,decode,,req-c5177485-1e8c-4b90-af09-9be7d77ccdbb,2.2594198869996944,16.73141983100004,3692,512,2091.2722936758996,4.084516198585741
1773750664.8690434,10.38503360748291,125.044,1200.0,877.0,100.0,90.35530090332031,0.05138564109802246,6.425466105461121,decode,,req-c5177485-1e8c-4b90-af09-9be7d77ccdbb,2.2594198869996944,16.73141983100004,3692,512,2091.2722936758996,4.084516198585741
1773750664.9204657,10.436455965042114,123.586,1200.0,877.0,100.0,90.35530090332031,0.0514223575592041,6.355083481311798,decode,,req-c5177485-1e8c-4b90-af09-9be7d77ccdbb,2.2594198869996944,16.73141983100004,3692,512,2091.2722936758996,4.084516198585741
1773750664.9727736,10.488763809204102,121.561,1200.0,877.0,100.0,90.35530090332031,0.052307844161987305,6.358593844175339,decode,,req-c5177485-1e8c-4b90-af09-9be7d77ccdbb,2.2594198869996944,16.73141983100004,3692,512,2091.2722936758996,4.084516198585741
1773750665.024239,10.540229320526123,124.476,1200.0,877.0,100.0,90.35530090332031,0.051465511322021484,6.406220987319946,decode,,req-c5177485-1e8c-4b90-af09-9be7d77ccdbb,2.2594198869996944,16.73141983100004,3692,512,2091.2722936758996,4.084516198585741
1773750665.0756354,10.591625690460205,123.1,1200.0,877.0,100.0,90.35530090332031,0.05139636993408203,6.326893138885498,decode,,req-c5177485-1e8c-4b90-af09-9be7d77ccdbb,2.2594198869996944,16.73141983100004,3692,512,2091.2722936758996,4.084516198585741
1773750665.1270897,10.643079996109009,125.044,1200.0,877.0,100.0,90.35530090332031,0.05145430564880371,6.434052195549011,decode,,req-c5177485-1e8c-4b90-af09-9be7d77ccdbb,2.2594198869996944,16.73141983100004,3692,512,2091.2722936758996,4.084516198585741
1773750665.1784945,10.69448471069336,121.642,1200.0,877.0,100.0,90.35530090332031,0.051404714584350586,6.252972291469574,decode,,req-c5177485-1e8c-4b90-af09-9be7d77ccdbb,2.2594198869996944,16.73141983100004,3692,512,2091.2722936758996,4.084516198585741
1773750665.230006,10.745996236801147,124.072,1200.0,877.0,100.0,90.35530090332031,0.051511526107788086,6.391138067245484,decode,,req-c5177485-1e8c-4b90-af09-9be7d77ccdbb,2.2594198869996944,16.73141983100004,3692,512,2091.2722936758996,4.084516198585741
1773750665.2813973,10.797387599945068,125.53,1200.0,877.0,100.0,90.35530090332031,0.0513913631439209,6.451157815456391,decode,,req-c5177485-1e8c-4b90-af09-9be7d77ccdbb,2.2594198869996944,16.73141983100004,3692,512,2091.2722936758996,4.084516198585741
1773750665.3334312,10.849421501159668,122.047,1200.0,877.0,100.0,90.35530090332031,0.05203390121459961,6.350581541538238,decode,,req-c5177485-1e8c-4b90-af09-9be7d77ccdbb,2.2594198869996944,16.73141983100004,3692,512,2091.2722936758996,4.084516198585741
1773750665.3848102,10.900800466537476,121.642,1200.0,877.0,100.0,90.35530090332031,0.05137896537780762,6.249840106487274,decode,,req-c5177485-1e8c-4b90-af09-9be7d77ccdbb,2.2594198869996944,16.73141983100004,3692,512,2091.2722936758996,4.084516198585741
1773750665.4361117,10.952101945877075,122.614,1200.0,877.0,100.0,90.35530090332031,0.05130147933959961,6.290279587745666,decode,,req-c5177485-1e8c-4b90-af09-9be7d77ccdbb,2.2594198869996944,16.73141983100004,3692,512,2091.2722936758996,4.084516198585741
1773750665.4873939,11.003384113311768,123.99,1200.0,877.0,100.0,90.35530090332031,0.05128216743469238,6.358475940227509,decode,,req-c5177485-1e8c-4b90-af09-9be7d77ccdbb,2.2594198869996944,16.73141983100004,3692,512,2091.2722936758996,4.084516198585741
1773750665.5386636,11.054653882980347,125.53,1200.0,877.0,100.0,90.35530090332031,0.0512697696685791,6.435894186496735,decode,,req-c5177485-1e8c-4b90-af09-9be7d77ccdbb,2.2594198869996944,16.73141983100004,3692,512,2091.2722936758996,4.084516198585741
1773750665.5899374,11.10592770576477,124.558,1200.0,877.0,100.0,90.35530090332031,0.05127382278442383,6.386564818382263,decode,,req-c5177485-1e8c-4b90-af09-9be7d77ccdbb,2.2594198869996944,16.73141983100004,3692,512,2091.2722936758996,4.084516198585741
1773750665.6411932,11.157183408737183,124.476,1200.0,877.0,100.0,90.35530090332031,0.05125570297241211,6.38010488319397,decode,,req-c5177485-1e8c-4b90-af09-9be7d77ccdbb,2.2594198869996944,16.73141983100004,3692,512,2091.2722936758996,4.084516198585741
1773750665.693783,11.209773302078247,123.019,1200.0,877.0,100.0,90.35530090332031,0.05258989334106445,6.469556088924408,decode,,req-c5177485-1e8c-4b90-af09-9be7d77ccdbb,2.2594198869996944,16.73141983100004,3692,512,2091.2722936758996,4.084516198585741
1773750665.745092,11.261082172393799,121.076,1200.0,877.0,100.0,90.35530090332031,0.05130887031555176,6.212272782325744,decode,,req-c5177485-1e8c-4b90-af09-9be7d77ccdbb,2.2594198869996944,16.73141983100004,3692,512,2091.2722936758996,4.084516198585741
1773750665.796361,11.31235122680664,123.586,1200.0,877.0,100.0,90.35530090332031,0.0512690544128418,6.336137358665466,decode,,req-c5177485-1e8c-4b90-af09-9be7d77ccdbb,2.2594198869996944,16.73141983100004,3692,512,2091.2722936758996,4.084516198585741
1773750665.8476925,11.363682746887207,125.044,1200.0,877.0,100.0,90.35530090332031,0.051331520080566406,6.4186985969543455,decode,,req-c5177485-1e8c-4b90-af09-9be7d77ccdbb,2.2594198869996944,16.73141983100004,3692,512,2091.2722936758996,4.084516198585741
1773750665.8989534,11.41494369506836,123.1,1200.0,877.0,100.0,90.35530090332031,0.051260948181152344,6.310222721099853,decode,,req-c5177485-1e8c-4b90-af09-9be7d77ccdbb,2.2594198869996944,16.73141983100004,3692,512,2091.2722936758996,4.084516198585741
1773750665.95029,11.466280221939087,122.128,1200.0,877.0,100.0,90.35530090332031,0.05133652687072754,6.269627353668213,decode,,req-c5177485-1e8c-4b90-af09-9be7d77ccdbb,2.2594198869996944,16.73141983100004,3692,512,2091.2722936758996,4.084516198585741
1773750666.0015612,11.51755142211914,124.558,1200.0,877.0,100.0,90.35530090332031,0.05127120018005371,6.38623815202713,decode,,req-c5177485-1e8c-4b90-af09-9be7d77ccdbb,2.2594198869996944,16.73141983100004,3692,512,2091.2722936758996,4.084516198585741
1773750666.052988,11.568978309631348,121.076,1200.0,877.0,100.0,90.35530090332031,0.05142688751220703,6.226561832427978,decode,,req-c5177485-1e8c-4b90-af09-9be7d77ccdbb,2.2594198869996944,16.73141983100004,3692,512,2091.2722936758996,4.084516198585741
1773750666.1042652,11.620255470275879,121.076,1200.0,877.0,100.0,90.35530090332031,0.05127716064453125,6.208433502197265,decode,,req-c5177485-1e8c-4b90-af09-9be7d77ccdbb,2.2594198869996944,16.73141983100004,3692,512,2091.2722936758996,4.084516198585741
1773750666.1555457,11.671535968780518,123.504,1200.0,877.0,100.0,90.35530090332031,0.05128049850463867,6.333346687316895,decode,,req-c5177485-1e8c-4b90-af09-9be7d77ccdbb,2.2594198869996944,16.73141983100004,3692,512,2091.2722936758996,4.084516198585741
1773750666.2068107,11.722800970077515,123.504,1200.0,877.0,100.0,90.35530090332031,0.05126500129699707,6.331432720184327,decode,,req-c5177485-1e8c-4b90-af09-9be7d77ccdbb,2.2594198869996944,16.73141983100004,3692,512,2091.2722936758996,4.084516198585741
1773750666.2580779,11.774068117141724,124.64,1200.0,877.0,100.0,90.35530090332031,0.051267147064208984,6.389937210083008,decode,,req-c5177485-1e8c-4b90-af09-9be7d77ccdbb,2.2594198869996944,16.73141983100004,3692,512,2091.2722936758996,4.084516198585741
1773750666.3094163,11.825406551361084,121.076,1200.0,877.0,100.0,90.35530090332031,0.05133843421936035,6.215852261543273,decode,,req-c5177485-1e8c-4b90-af09-9be7d77ccdbb,2.2594198869996944,16.73141983100004,3692,512,2091.2722936758996,4.084516198585741
1773750666.3606818,11.87667202949524,122.614,1200.0,877.0,100.0,90.35530090332031,0.05126547813415527,6.285865335941315,decode,,req-c5177485-1e8c-4b90-af09-9be7d77ccdbb,2.2594198869996944,16.73141983100004,3692,512,2091.2722936758996,4.084516198585741
1773750666.4119887,11.927978992462158,124.154,1200.0,877.0,100.0,90.35530090332031,0.051306962966918945,6.369964680194855,decode,,req-c5177485-1e8c-4b90-af09-9be7d77ccdbb,2.2594198869996944,16.73141983100004,3692,512,2091.2722936758996,4.084516198585741
1773750666.4632645,11.979254722595215,125.044,1200.0,877.0,100.0,90.35530090332031,0.05127573013305664,6.411722398757934,decode,,req-c5177485-1e8c-4b90-af09-9be7d77ccdbb,2.2594198869996944,16.73141983100004,3692,512,2091.2722936758996,4.084516198585741
1773750666.515978,12.031968355178833,126.419,1200.0,877.0,100.0,90.35530090332031,0.052713632583618164,6.6640047175884245,decode,,req-c5177485-1e8c-4b90-af09-9be7d77ccdbb,2.2594198869996944,16.73141983100004,3692,512,2091.2722936758996,4.084516198585741
1773750666.567225,12.083215236663818,124.558,1200.0,877.0,100.0,90.35530090332031,0.05124688148498535,6.383209064006806,decode,,req-c5177485-1e8c-4b90-af09-9be7d77ccdbb,2.2594198869996944,16.73141983100004,3692,512,2091.2722936758996,4.084516198585741
1773750666.6185043,12.134494543075562,123.1,1200.0,877.0,100.0,90.35530090332031,0.051279306411743164,6.312482619285583,decode,,req-c5177485-1e8c-4b90-af09-9be7d77ccdbb,2.2594198869996944,16.73141983100004,3692,512,2091.2722936758996,4.084516198585741
1773750666.6698105,12.185800790786743,124.558,1200.0,877.0,100.0,90.35530090332031,0.05130624771118164,6.390603602409363,decode,,req-c5177485-1e8c-4b90-af09-9be7d77ccdbb,2.2594198869996944,16.73141983100004,3692,512,2091.2722936758996,4.084516198585741
1773750666.7210789,12.237069129943848,123.586,1200.0,877.0,100.0,90.35530090332031,0.05126833915710449,6.336048963069915,decode,,req-c5177485-1e8c-4b90-af09-9be7d77ccdbb,2.2594198869996944,16.73141983100004,3692,512,2091.2722936758996,4.084516198585741
1773750666.7723868,12.288377046585083,126.016,1200.0,877.0,100.0,90.35530090332031,0.05130791664123535,6.4656184234619145,decode,,req-c5177485-1e8c-4b90-af09-9be7d77ccdbb,2.2594198869996944,16.73141983100004,3692,512,2091.2722936758996,4.084516198585741
1773750666.823635,12.339625358581543,125.53,1200.0,877.0,100.0,90.35530090332031,0.05124831199645996,6.433200604915619,decode,,req-c5177485-1e8c-4b90-af09-9be7d77ccdbb,2.2594198869996944,16.73141983100004,3692,512,2091.2722936758996,4.084516198585741
1773750666.8750489,12.3910391330719,121.561,1200.0,877.0,100.0,90.35530090332031,0.051413774490356445,6.2499098408222205,decode,,req-c5177485-1e8c-4b90-af09-9be7d77ccdbb,2.2594198869996944,16.73141983100004,3692,512,2091.2722936758996,4.084516198585741
1773750666.9263449,12.44233512878418,121.561,1200.0,877.0,100.0,90.35530090332031,0.05129599571228027,6.235592534780503,decode,,req-c5177485-1e8c-4b90-af09-9be7d77ccdbb,2.2594198869996944,16.73141983100004,3692,512,2091.2722936758996,4.084516198585741
1773750666.9776058,12.493596076965332,124.072,1200.0,877.0,100.0,90.35530090332031,0.051260948181152344,6.360048362731933,decode,,req-c5177485-1e8c-4b90-af09-9be7d77ccdbb,2.2594198869996944,16.73141983100004,3692,512,2091.2722936758996,4.084516198585741
1773750667.0288947,12.54488492012024,123.1,1200.0,877.0,100.0,90.35530090332031,0.05128884315490723,6.313656592369079,decode,,req-c5177485-1e8c-4b90-af09-9be7d77ccdbb,2.2594198869996944,16.73141983100004,3692,512,2091.2722936758996,4.084516198585741
1773750667.0801854,12.59617567062378,125.448,1200.0,877.0,100.0,90.35530090332031,0.05129075050354004,6.434322069168091,decode,,req-c5177485-1e8c-4b90-af09-9be7d77ccdbb,2.2594198869996944,16.73141983100004,3692,512,2091.2722936758996,4.084516198585741
1773750667.1314826,12.647472858428955,122.614,1200.0,877.0,100.0,90.35530090332031,0.05129718780517578,6.289753385543824,decode,,req-c5177485-1e8c-4b90-af09-9be7d77ccdbb,2.2594198869996944,16.73141983100004,3692,512,2091.2722936758996,4.084516198585741
1773750667.1827378,12.698728084564209,123.586,1200.0,877.0,100.0,90.35530090332031,0.051255226135253906,6.3344283771514895,decode,,req-c5177485-1e8c-4b90-af09-9be7d77ccdbb,2.2594198869996944,16.73141983100004,3692,512,2091.2722936758996,4.084516198585741
1773750667.2340572,12.750047445297241,124.558,1200.0,877.0,100.0,90.35530090332031,0.05131936073303223,6.3922369341850285,decode,,req-c5177485-1e8c-4b90-af09-9be7d77ccdbb,2.2594198869996944,16.73141983100004,3692,512,2091.2722936758996,4.084516198585741
1773750667.2853522,12.801342487335205,126.502,1200.0,877.0,100.0,90.35530090332031,0.05129504203796387,6.488925407886505,decode,,req-c5177485-1e8c-4b90-af09-9be7d77ccdbb,2.2594198869996944,16.73141983100004,3692,512,2091.2722936758996,4.084516198585741
1773750667.3373392,12.853329420089722,126.016,1200.0,877.0,100.0,90.35530090332031,0.0519869327545166,6.5511853179931645,decode,,req-c5177485-1e8c-4b90-af09-9be7d77ccdbb,2.2594198869996944,16.73141983100004,3692,512,2091.2722936758996,4.084516198585741
1773750667.388701,12.904691219329834,123.586,1200.0,877.0,100.0,90.35530090332031,0.051361799240112305,6.347599320888519,decode,,req-c5177485-1e8c-4b90-af09-9be7d77ccdbb,2.2594198869996944,16.73141983100004,3692,512,2091.2722936758996,4.084516198585741
1773750667.4399633,12.955953598022461,123.99,1200.0,877.0,100.0,90.35530090332031,0.05126237869262695,6.356022334098816,decode,,req-c5177485-1e8c-4b90-af09-9be7d77ccdbb,2.2594198869996944,16.73141983100004,3692,512,2091.2722936758996,4.084516198585741
1773750667.4912264,13.007216691970825,121.642,1200.0,877.0,100.0,90.35530090332031,0.05126309394836426,6.235745274066925,decode,,req-c5177485-1e8c-4b90-af09-9be7d77ccdbb,2.2594198869996944,16.73141983100004,3692,512,2091.2722936758996,4.084516198585741
1773750667.5424993,13.058489561080933,124.072,1200.0,877.0,100.0,90.35530090332031,0.05127286911010742,6.361527416229248,decode,,req-c5177485-1e8c-4b90-af09-9be7d77ccdbb,2.2594198869996944,16.73141983100004,3692,512,2091.2722936758996,4.084516198585741
1773750667.5938025,13.109792709350586,126.016,1200.0,877.0,100.0,90.35530090332031,0.05130314826965332,6.465017532348633,decode,,req-c5177485-1e8c-4b90-af09-9be7d77ccdbb,2.2594198869996944,16.73141983100004,3692,512,2091.2722936758996,4.084516198585741
1773750667.6450777,13.161067962646484,122.614,1200.0,877.0,100.0,90.35530090332031,0.05127525329589844,6.287063907623291,decode,,req-c5177485-1e8c-4b90-af09-9be7d77ccdbb,2.2594198869996944,16.73141983100004,3692,512,2091.2722936758996,4.084516198585741
1773750667.6965013,13.212491512298584,124.558,1200.0,877.0,100.0,90.35530090332031,0.05142354965209961,6.405214497566224,decode,,req-c5177485-1e8c-4b90-af09-9be7d77ccdbb,2.2594198869996944,16.73141983100004,3692,512,2091.2722936758996,4.084516198585741
1773750667.7477627,13.263752937316895,126.016,1200.0,877.0,100.0,90.35530090332031,0.05126142501831055,6.459759735107422,decode,,req-c5177485-1e8c-4b90-af09-9be7d77ccdbb,2.2594198869996944,16.73141983100004,3692,512,2091.2722936758996,4.084516198585741
1773750667.7990315,13.315021753311157,125.53,1200.0,877.0,100.0,90.35530090332031,0.051268815994262695,6.435774471759796,decode,,req-c5177485-1e8c-4b90-af09-9be7d77ccdbb,2.2594198869996944,16.73141983100004,3692,512,2091.2722936758996,4.084516198585741
1773750667.8502877,13.366277933120728,126.502,1200.0,877.0,100.0,90.35530090332031,0.05125617980957031,6.484009258270263,decode,,req-c5177485-1e8c-4b90-af09-9be7d77ccdbb,2.2594198869996944,16.73141983100004,3692,512,2091.2722936758996,4.084516198585741
1773750667.9015665,13.417556762695312,120.104,1200.0,877.0,100.0,90.35530090332031,0.05127882957458496,6.158792547225952,decode,,req-c5177485-1e8c-4b90-af09-9be7d77ccdbb,2.2594198869996944,16.73141983100004,3692,512,2091.2722936758996,4.084516198585741
1773750667.9528153,13.46880555152893,123.1,1200.0,877.0,100.0,90.35530090332031,0.051248788833618164,6.308725905418395,decode,,req-c5177485-1e8c-4b90-af09-9be7d77ccdbb,2.2594198869996944,16.73141983100004,3692,512,2091.2722936758996,4.084516198585741
1773750668.0040927,13.520082950592041,125.53,1200.0,877.0,100.0,90.35530090332031,0.05127739906311035,6.436851904392243,decode,,req-c5177485-1e8c-4b90-af09-9be7d77ccdbb,2.2594198869996944,16.73141983100004,3692,512,2091.2722936758996,4.084516198585741
1773750668.0553434,13.571333646774292,123.586,1200.0,877.0,100.0,90.35530090332031,0.05125069618225098,6.333868538379669,decode,,req-c5177485-1e8c-4b90-af09-9be7d77ccdbb,2.2594198869996944,16.73141983100004,3692,512,2091.2722936758996,4.084516198585741
1773750668.106609,13.622599363327026,121.642,1200.0,877.0,100.0,90.35530090332031,0.051265716552734375,6.236064292907715,decode,,req-c5177485-1e8c-4b90-af09-9be7d77ccdbb,2.2594198869996944,16.73141983100004,3692,512,2091.2722936758996,4.084516198585741
1773750668.1589398,13.674930095672607,123.586,1200.0,877.0,100.0,90.35530090332031,0.052330732345581055,6.46734588766098,decode,,req-c5177485-1e8c-4b90-af09-9be7d77ccdbb,2.2594198869996944,16.73141983100004,3692,512,2091.2722936758996,4.084516198585741
1773750668.2101972,13.726187467575073,124.558,1200.0,877.0,100.0,90.35530090332031,0.05125737190246582,6.384515729427338,decode,,req-c5177485-1e8c-4b90-af09-9be7d77ccdbb,2.2594198869996944,16.73141983100004,3692,512,2091.2722936758996,4.084516198585741
1773750668.2614913,13.77748155593872,123.586,1200.0,877.0,100.0,90.35530090332031,0.05129408836364746,6.339231204509735,decode,,req-c5177485-1e8c-4b90-af09-9be7d77ccdbb,2.2594198869996944,16.73141983100004,3692,512,2091.2722936758996,4.084516198585741
1773750668.3128023,13.828792572021484,121.561,1200.0,877.0,100.0,90.35530090332031,0.05131101608276367,6.237418426036835,decode,,req-c5177485-1e8c-4b90-af09-9be7d77ccdbb,2.2594198869996944,16.73141983100004,3692,512,2091.2722936758996,4.084516198585741
1773750668.3641107,13.880100965499878,122.128,1200.0,877.0,100.0,90.35530090332031,0.051308393478393555,6.266191478729248,decode,,req-c5177485-1e8c-4b90-af09-9be7d77ccdbb,2.2594198869996944,16.73141983100004,3692,512,2091.2722936758996,4.084516198585741
1773750668.4154263,13.931416511535645,121.561,1200.0,877.0,100.0,90.35530090332031,0.0513155460357666,6.237969091653825,decode,,req-c5177485-1e8c-4b90-af09-9be7d77ccdbb,2.2594198869996944,16.73141983100004,3692,512,2091.2722936758996,4.084516198585741
1773750668.466718,13.982708215713501,121.076,1200.0,877.0,100.0,90.35530090332031,0.051291704177856445,6.210194375038147,decode,,req-c5177485-1e8c-4b90-af09-9be7d77ccdbb,2.2594198869996944,16.73141983100004,3692,512,2091.2722936758996,4.084516198585741
1773750668.5181189,14.034109115600586,121.076,1200.0,877.0,100.0,90.35530090332031,0.05140089988708496,6.223415354728698,decode,,req-c5177485-1e8c-4b90-af09-9be7d77ccdbb,2.2594198869996944,16.73141983100004,3692,512,2091.2722936758996,4.084516198585741
1773750668.5694013,14.085391521453857,120.59,1200.0,877.0,100.0,90.35530090332031,0.051282405853271484,6.1841453218460085,decode,,req-c5177485-1e8c-4b90-af09-9be7d77ccdbb,2.2594198869996944,16.73141983100004,3692,512,2091.2722936758996,4.084516198585741
1773750668.6206741,14.136664390563965,125.044,1200.0,877.0,100.0,90.35530090332031,0.05127286911010742,6.411364645004272,decode,,req-c5177485-1e8c-4b90-af09-9be7d77ccdbb,2.2594198869996944,16.73141983100004,3692,512,2091.2722936758996,4.084516198585741
1773750668.6719458,14.187936067581177,125.448,1200.0,877.0,100.0,90.35530090332031,0.051271677017211914,6.4319293384552,decode,,req-c5177485-1e8c-4b90-af09-9be7d77ccdbb,2.2594198869996944,16.73141983100004,3692,512,2091.2722936758996,4.084516198585741
1773750668.7232106,14.239200830459595,125.044,1200.0,877.0,100.0,90.35530090332031,0.05126476287841797,6.410351009368896,decode,,req-c5177485-1e8c-4b90-af09-9be7d77ccdbb,2.2594198869996944,16.73141983100004,3692,512,2091.2722936758996,4.084516198585741
1773750668.774461,14.290451288223267,122.614,1200.0,877.0,100.0,90.35530090332031,0.051250457763671875,6.284023628234864,decode,,req-c5177485-1e8c-4b90-af09-9be7d77ccdbb,2.2594198869996944,16.73141983100004,3692,512,2091.2722936758996,4.084516198585741
1773750668.8257167,14.341706991195679,122.614,1200.0,877.0,100.0,90.35530090332031,0.05125570297241211,6.284666764259339,decode,,req-c5177485-1e8c-4b90-af09-9be7d77ccdbb,2.2594198869996944,16.73141983100004,3692,512,2091.2722936758996,4.084516198585741
1773750668.8769808,14.39297103881836,123.1,1200.0,877.0,100.0,90.35530090332031,0.051264047622680664,6.31060426235199,decode,,req-c5177485-1e8c-4b90-af09-9be7d77ccdbb,2.2594198869996944,16.73141983100004,3692,512,2091.2722936758996,4.084516198585741
1773750668.9284167,14.444406986236572,121.561,1200.0,877.0,100.0,90.35530090332031,0.05143594741821289,6.252605204105378,decode,,req-c5177485-1e8c-4b90-af09-9be7d77ccdbb,2.2594198869996944,16.73141983100004,3692,512,2091.2722936758996,4.084516198585741
1773750668.9806156,14.49660587310791,120.59,1200.0,877.0,100.0,90.35530090332031,0.05219888687133789,6.294663767814637,decode,,req-c5177485-1e8c-4b90-af09-9be7d77ccdbb,2.2594198869996944,16.73141983100004,3692,512,2091.2722936758996,4.084516198585741
1773750669.0318716,14.547861814498901,123.1,1200.0,877.0,100.0,90.35530090332031,0.05125594139099121,6.309606385231017,decode,,req-c5177485-1e8c-4b90-af09-9be7d77ccdbb,2.2594198869996944,16.73141983100004,3692,512,2091.2722936758996,4.084516198585741
1773750669.0831287,14.599118947982788,124.072,1200.0,877.0,100.0,90.35530090332031,0.05125713348388672,6.359575065612793,decode,,req-c5177485-1e8c-4b90-af09-9be7d77ccdbb,2.2594198869996944,16.73141983100004,3692,512,2091.2722936758996,4.084516198585741
1773750669.1344078,14.650398015975952,123.586,1200.0,877.0,100.0,90.35530090332031,0.05127906799316406,6.337374897003174,decode,,req-c5177485-1e8c-4b90-af09-9be7d77ccdbb,2.2594198869996944,16.73141983100004,3692,512,2091.2722936758996,4.084516198585741
1773750669.1856782,14.701668500900269,126.016,1200.0,877.0,100.0,90.35530090332031,0.051270484924316406,6.460901428222656,decode,,req-c5177485-1e8c-4b90-af09-9be7d77ccdbb,2.2594198869996944,16.73141983100004,3692,512,2091.2722936758996,4.084516198585741
1773750669.2369604,14.752950668334961,123.667,1200.0,877.0,100.0,90.35530090332031,0.05128216743469238,6.341911800146103,decode,,req-c5177485-1e8c-4b90-af09-9be7d77ccdbb,2.2594198869996944,16.73141983100004,3692,512,2091.2722936758996,4.084516198585741
1773750669.2882316,14.804221868515015,122.047,1200.0,877.0,100.0,90.35530090332031,0.05127120018005371,6.257496168375015,decode,,req-c5177485-1e8c-4b90-af09-9be7d77ccdbb,2.2594198869996944,16.73141983100004,3692,512,2091.2722936758996,4.084516198585741
1773750669.339647,14.855637311935425,122.047,1200.0,877.0,100.0,90.35530090332031,0.051415443420410156,6.275100623130798,decode,,req-c5177485-1e8c-4b90-af09-9be7d77ccdbb,2.2594198869996944,16.73141983100004,3692,512,2091.2722936758996,4.084516198585741
1773750669.3909543,14.906944513320923,122.533,1200.0,877.0,100.0,90.35530090332031,0.05130720138549805,6.286825307369233,decode,,req-c5177485-1e8c-4b90-af09-9be7d77ccdbb,2.2594198869996944,16.73141983100004,3692,512,2091.2722936758996,4.084516198585741
1773750669.4422057,14.958195924758911,122.047,1200.0,877.0,100.0,90.35530090332031,0.05125141143798828,6.255081011772155,decode,,req-c5177485-1e8c-4b90-af09-9be7d77ccdbb,2.2594198869996944,16.73141983100004,3692,512,2091.2722936758996,4.084516198585741
1773750669.4934895,15.009479761123657,125.613,1200.0,877.0,100.0,90.35530090332031,0.051283836364746094,6.441916537284851,decode,,req-c5177485-1e8c-4b90-af09-9be7d77ccdbb,2.2594198869996944,16.73141983100004,3692,512,2091.2722936758996,4.084516198585741
1773750669.5447416,15.060731887817383,123.1,1200.0,877.0,100.0,90.35530090332031,0.051252126693725586,6.3091367959976195,decode,,req-c5177485-1e8c-4b90-af09-9be7d77ccdbb,2.2594198869996944,16.73141983100004,3692,512,2091.2722936758996,4.084516198585741
1773750669.5960007,15.111990928649902,122.614,1200.0,877.0,100.0,90.35530090332031,0.05125904083251953,6.28507603263855,decode,,req-c5177485-1e8c-4b90-af09-9be7d77ccdbb,2.2594198869996944,16.73141983100004,3692,512,2091.2722936758996,4.084516198585741
1773750669.6472437,15.163233995437622,121.235,1200.0,877.0,100.0,90.35530090332031,0.05124306678771973,6.212453202009201,decode,,req-c5177485-1e8c-4b90-af09-9be7d77ccdbb,2.2594198869996944,16.73141983100004,3692,512,2091.2722936758996,4.084516198585741
1773750669.698501,15.214491367340088,124.072,1200.0,877.0,100.0,90.35530090332031,0.05125737190246582,6.359604646682739,decode,,req-c5177485-1e8c-4b90-af09-9be7d77ccdbb,2.2594198869996944,16.73141983100004,3692,512,2091.2722936758996,4.084516198585741
1773750669.7497578,15.265748023986816,123.1,1200.0,877.0,100.0,90.35530090332031,0.051256656646728516,6.30969443321228,decode,,req-c5177485-1e8c-4b90-af09-9be7d77ccdbb,2.2594198869996944,16.73141983100004,3692,512,2091.2722936758996,4.084516198585741
1773750669.8022482,15.318238496780396,122.614,1200.0,877.0,100.0,90.35530090332031,0.0524904727935791,6.4360668311119085,decode,,req-c5177485-1e8c-4b90-af09-9be7d77ccdbb,2.2594198869996944,16.73141983100004,3692,512,2091.2722936758996,4.084516198585741
1773750669.8535042,15.369494438171387,123.667,1200.0,877.0,100.0,90.35530090332031,0.05125594139099121,6.338668503999711,decode,,req-c5177485-1e8c-4b90-af09-9be7d77ccdbb,2.2594198869996944,16.73141983100004,3692,512,2091.2722936758996,4.084516198585741
1773750669.9047575,15.420747756958008,125.53,1200.0,877.0,100.0,90.35530090332031,0.051253318786621094,6.433829107284546,decode,,req-c5177485-1e8c-4b90-af09-9be7d77ccdbb,2.2594198869996944,16.73141983100004,3692,512,2091.2722936758996,4.084516198585741
1773750669.956005,15.47199535369873,123.586,1200.0,877.0,100.0,90.35530090332031,0.051247596740722656,6.33348549079895,decode,,req-c5177485-1e8c-4b90-af09-9be7d77ccdbb,2.2594198869996944,16.73141983100004,3692,512,2091.2722936758996,4.084516198585741
1773750670.0073152,15.523305416107178,124.558,1200.0,877.0,100.0,90.35530090332031,0.051310062408447266,6.391078753471374,decode,,req-c5177485-1e8c-4b90-af09-9be7d77ccdbb,2.2594198869996944,16.73141983100004,3692,512,2091.2722936758996,4.084516198585741
1773750670.0586221,15.574612379074097,124.072,1200.0,877.0,100.0,90.35530090332031,0.051306962966918945,6.3657575092315675,decode,,req-c5177485-1e8c-4b90-af09-9be7d77ccdbb,2.2594198869996944,16.73141983100004,3692,512,2091.2722936758996,4.084516198585741
1773750670.1098893,15.625879526138306,122.128,1200.0,877.0,100.0,90.35530090332031,0.051267147064208984,6.261154136657715,decode,,req-c5177485-1e8c-4b90-af09-9be7d77ccdbb,2.2594198869996944,16.73141983100004,3692,512,2091.2722936758996,4.084516198585741
1773750670.1614811,15.677471399307251,120.183,1200.0,877.0,100.0,90.35530090332031,0.05159187316894531,6.200466093063355,decode,,req-c5177485-1e8c-4b90-af09-9be7d77ccdbb,2.2594198869996944,16.73141983100004,3692,512,2091.2722936758996,4.084516198585741
1773750670.2127457,15.72873592376709,121.561,1200.0,877.0,100.0,90.35530090332031,0.05126452445983887,6.231766857862473,decode,,req-c5177485-1e8c-4b90-af09-9be7d77ccdbb,2.2594198869996944,16.73141983100004,3692,512,2091.2722936758996,4.084516198585741
1773750670.2640169,15.780007123947144,125.448,1200.0,877.0,100.0,90.35530090332031,0.05127120018005371,6.4318695201873775,decode,,req-c5177485-1e8c-4b90-af09-9be7d77ccdbb,2.2594198869996944,16.73141983100004,3692,512,2091.2722936758996,4.084516198585741
1773750670.3162172,15.832207441329956,123.99,1200.0,877.0,100.0,90.35530090332031,0.0522003173828125,6.4723173522949216,decode,,req-c5177485-1e8c-4b90-af09-9be7d77ccdbb,2.2594198869996944,16.73141983100004,3692,512,2091.2722936758996,4.084516198585741
1773750670.3674645,15.8834547996521,121.076,1200.0,877.0,100.0,90.35530090332031,0.051247358322143555,6.204825156211853,decode,,req-c5177485-1e8c-4b90-af09-9be7d77ccdbb,2.2594198869996944,16.73141983100004,3692,512,2091.2722936758996,4.084516198585741
1773750670.4187744,15.934764623641968,124.558,1200.0,877.0,100.0,90.35530090332031,0.051309823989868164,6.391049056529999,decode,,req-c5177485-1e8c-4b90-af09-9be7d77ccdbb,2.2594198869996944,16.73141983100004,3692,512,2091.2722936758996,4.084516198585741
1773750670.4700336,15.986023902893066,123.586,1200.0,877.0,100.0,90.35530090332031,0.05125927925109863,6.334929285526275,decode,,req-c5177485-1e8c-4b90-af09-9be7d77ccdbb,2.2594198869996944,16.73141983100004,3692,512,2091.2722936758996,4.084516198585741
1773750670.5213294,16.037319660186768,125.044,1200.0,877.0,100.0,90.35530090332031,0.05129575729370117,6.414226675033569,decode,,req-c5177485-1e8c-4b90-af09-9be7d77ccdbb,2.2594198869996944,16.73141983100004,3692,512,2091.2722936758996,4.084516198585741
1773750670.5725777,16.088567972183228,123.667,1200.0,877.0,100.0,90.35530090332031,0.05124831199645996,6.337724999666214,decode,,req-c5177485-1e8c-4b90-af09-9be7d77ccdbb,2.2594198869996944,16.73141983100004,3692,512,2091.2722936758996,4.084516198585741
1773750670.624569,16.140559196472168,121.155,1200.0,877.0,100.0,90.35530090332031,0.05199122428894043,6.298996778726578,decode,,req-c5177485-1e8c-4b90-af09-9be7d77ccdbb,2.2594198869996944,16.73141983100004,3692,512,2091.2722936758996,4.084516198585741
1773750670.675832,16.191822290420532,124.072,1200.0,877.0,100.0,90.35530090332031,0.05126309394836426,6.36031459236145,decode,,req-c5177485-1e8c-4b90-af09-9be7d77ccdbb,2.2594198869996944,16.73141983100004,3692,512,2091.2722936758996,4.084516198585741
1773750670.7271025,16.24309277534485,123.586,1200.0,877.0,100.0,90.35530090332031,0.051270484924316406,6.336314149856567,decode,,req-c5177485-1e8c-4b90-af09-9be7d77ccdbb,2.2594198869996944,16.73141983100004,3692,512,2091.2722936758996,4.084516198585741
1773750670.7783844,16.294374704360962,121.642,1200.0,877.0,100.0,90.35530090332031,0.05128192901611328,6.238036409378052,decode,,req-c5177485-1e8c-4b90-af09-9be7d77ccdbb,2.2594198869996944,16.73141983100004,3692,512,2091.2722936758996,4.084516198585741
1773750670.8296402,16.345630407333374,122.533,1200.0,877.0,100.0,90.35530090332031,0.05125570297241211,6.280515052318573,decode,,req-c5177485-1e8c-4b90-af09-9be7d77ccdbb,2.2594198869996944,16.73141983100004,3692,512,2091.2722936758996,4.084516198585741
1773750670.880897,16.39688730239868,125.53,1200.0,877.0,100.0,90.35530090332031,0.05125689506530762,6.434278037548065,decode,,req-c5177485-1e8c-4b90-af09-9be7d77ccdbb,2.2594198869996944,16.73141983100004,3692,512,2091.2722936758996,4.084516198585741
1773750670.9322336,16.44822382926941,123.586,1200.0,877.0,100.0,90.35530090332031,0.05133652687072754,6.344476009845733,decode,,req-c5177485-1e8c-4b90-af09-9be7d77ccdbb,2.2594198869996944,16.73141983100004,3692,512,2091.2722936758996,4.084516198585741
1773750670.9835556,16.49954581260681,123.586,1200.0,877.0,100.0,90.35530090332031,0.051321983337402344,6.342678632736206,decode,,req-c5177485-1e8c-4b90-af09-9be7d77ccdbb,2.2594198869996944,16.73141983100004,3692,512,2091.2722936758996,4.084516198585741
1773750671.0348024,16.550792694091797,125.126,1200.0,877.0,100.0,90.35530090332031,0.05124688148498535,6.412317292690277,decode,,req-c5177485-1e8c-4b90-af09-9be7d77ccdbb,2.2594198869996944,16.73141983100004,3692,512,2091.2722936758996,4.084516198585741
1773750671.086051,16.602041244506836,121.155,1200.0,877.0,100.0,90.35530090332031,0.05124855041503906,6.209018125534057,decode,,req-c5177485-1e8c-4b90-af09-9be7d77ccdbb,2.2594198869996944,16.73141983100004,3692,512,2091.2722936758996,4.084516198585741
1773750671.137305,16.653295278549194,119.133,1200.0,877.0,100.0,90.35530090332031,0.0512540340423584,6.106046837568283,decode,,req-c5177485-1e8c-4b90-af09-9be7d77ccdbb,2.2594198869996944,16.73141983100004,3692,512,2091.2722936758996,4.084516198585741
1773750671.1885512,16.704541444778442,123.99,1200.0,877.0,100.0,90.35530090332031,0.05124616622924805,6.354012150764465,decode,,req-c5177485-1e8c-4b90-af09-9be7d77ccdbb,2.2594198869996944,16.73141983100004,3692,512,2091.2722936758996,4.084516198585741
