phase,frequency_mhz,duration_s,ttft_s,tpot_s,avg_power_w,peak_power_w,total_energy_j,throughput_tps,j_per_token,total_output_tokens
Prefill,700,3.8275,3.9038,0.0,70.86,116.3,276.3456,964.6,0.0748,1
Decode,700,9.7703,9.8473,0.0,78.7,80.43,774.8639,26.2,3.0268,256
Prefill,900,2.9902,3.0678,0.0,84.06,140.02,257.6049,1234.69,0.0698,1
Decode,900,6.5658,6.6419,0.0,99.33,102.82,659.7081,38.99,2.577,256
Prefill,1100,2.4366,2.5129,0.0,92.48,142.35,232.303,1515.26,0.0629,1
Decode,1100,6.471,6.5472,0.0,115.48,120.59,756.0379,39.56,2.9533,256
Prefill,1300,2.067,2.1432,0.0,158.73,259.6,339.7284,1786.18,0.092,1
Decode,1300,6.3967,6.4728,0.0,144.94,151.19,938.107,40.02,3.6645,256
Prefill,1410,1.9074,1.9836,0.0,179.54,267.33,356.1348,1935.58,0.0965,1
Decode,1410,6.3183,6.395,0.0,153.78,160.8,983.2537,40.52,3.8408,256
Prefill,1500,1.8458,1.922,0.0,201.36,276.51,387.0816,2000.25,0.1048,1
Decode,1500,6.3953,6.4714,0.0,172.53,180.47,1116.3921,40.03,4.3609,256
