timestamp,time_offset,power_w,gpu_clock_mhz,mem_clock_mhz,util_gpu_pct,util_mem_pct,util_pct
1773836262.2171214,0.0002391338348388672,24.961,210,877,0,0,0
1773836262.2687924,0.0519101619720459,30.318,210,877,0,0,0
1773836262.3201513,0.10326910018920898,27.883,210,877,27,1,27
1773836262.3737376,0.15685534477233887,27.883,210,877,27,1,27
1773836262.4250798,0.20819759368896484,27.883,210,877,27,1,27
1773836262.4764328,0.2595505714416504,27.883,210,877,100,0,100
1773836262.5277472,0.3108649253845215,27.883,210,877,100,0,100
1773836262.5790756,0.36219334602355957,27.883,210,877,100,0,100
1773836262.6304414,0.4135591983795166,27.883,210,877,100,0,100
1773836262.6817522,0.46486997604370117,27.883,210,877,100,0,100
1773836262.7329934,0.5161111354827881,27.883,210,877,100,0,100
1773836262.7842915,0.5674092769622803,27.396,210,877,100,0,100
1773836262.8355353,0.6186530590057373,39.085,210,877,100,0,100
1773836262.886848,0.6699657440185547,43.926,210,877,100,0,100
1773836262.945068,0.7281856536865234,40.059,210,877,100,5,100
1773836263.0044518,0.787569522857666,39.572,210,877,100,5,100
1773836263.064363,0.8474807739257812,27.883,210,877,100,5,100
1773836263.1156209,0.8987386226654053,27.883,210,877,100,2,100
1773836263.166906,0.950023889541626,27.883,210,877,100,2,100
1773836263.2181616,1.001279354095459,27.883,210,877,100,2,100
1773836263.2694857,1.0526034832000732,27.883,210,877,100,2,100
1773836263.3211083,1.1042261123657227,27.883,210,877,100,0,100
1773836263.3725142,1.1556320190429688,27.883,210,877,100,0,100
1773836263.4237614,1.2068791389465332,27.883,210,877,100,0,100
1773836263.4764254,1.2595431804656982,27.883,210,877,100,0,100
1773836263.52771,1.3108277320861816,27.883,210,877,100,0,100
1773836263.5790324,1.3621501922607422,36.163,210,877,100,0,100
1773836263.630292,1.41340970993042,42.953,210,877,100,1,100
1773836263.6890862,1.4722039699554443,41.033,210,877,100,1,100
1773836263.7472913,1.5304090976715088,39.572,210,877,100,1,100
1773836263.808122,1.5912396907806396,28.37,210,877,100,6,100
1773836263.8593802,1.6424980163574219,27.883,210,877,100,6,100
1773836263.910646,1.6937637329101562,27.883,210,877,100,6,100
1773836263.9619021,1.7450199127197266,27.883,210,877,100,0,100
1773836264.0131388,1.7962565422058105,27.883,210,877,100,0,100
1773836264.0644214,1.8475391864776611,27.883,210,877,100,0,100
1773836264.115659,1.8987767696380615,27.883,210,877,100,0,100
1773836264.166903,1.9500207901000977,27.883,210,877,100,0,100
1773836264.2190313,2.0021491050720215,27.883,210,877,100,0,100
1773836264.270313,2.0534307956695557,27.883,210,877,100,0,100
1773836264.3215854,2.104703187942505,27.883,210,877,100,0,100
1773836264.372862,2.155979871749878,41.006,210,877,100,0,100
1773836264.431837,2.2149548530578613,43.44,210,877,100,0,100
1773836264.4931147,2.2762324810028076,41.033,210,877,100,5,100
1773836264.5527568,2.335874557495117,30.318,210,877,100,5,100
1773836264.6067617,2.3898794651031494,27.883,210,877,100,5,100
1773836264.658029,2.4411468505859375,27.883,210,877,100,2,100
1773836264.709285,2.4924027919769287,27.883,210,877,100,2,100
1773836264.760535,2.5436527729034424,27.883,210,877,100,2,100
1773836264.8117788,2.5948965549468994,27.883,210,877,100,0,100
1773836264.8638027,2.6469204425811768,27.883,210,877,100,0,100
1773836264.9150968,2.698214530944824,27.883,210,877,100,0,100
1773836264.9663978,2.7495155334472656,27.883,210,877,100,0,100
1773836265.017653,2.8007707595825195,27.883,210,877,100,0,100
1773836265.0689018,2.8520195484161377,27.396,210,877,100,0,100
1773836265.1201565,2.9032742977142334,39.546,210,877,100,1,100
1773836265.1766706,2.9597883224487305,43.44,210,877,100,1,100
1773836265.2384367,3.021554470062256,40.059,210,877,100,1,100
1773836265.2983854,3.08150315284729,32.266,210,877,100,6,100
1773836265.3574808,3.1405985355377197,27.883,210,877,100,6,100
1773836265.409444,3.1925618648529053,27.883,210,877,100,6,100
1773836265.4606943,3.243812084197998,27.883,210,877,100,0,100
1773836265.511975,3.295092821121216,27.883,210,877,100,0,100
1773836265.5632343,3.3463521003723145,27.883,210,877,100,0,100
1773836265.6145575,3.3976752758026123,27.883,210,877,100,0,100
1773836265.6658049,3.448922634124756,27.883,210,877,100,0,100
1773836265.7171075,3.500225305557251,27.883,210,877,100,0,100
1773836265.7685087,3.551626443862915,27.883,210,877,100,0,100
1773836265.8198233,3.6029410362243652,27.883,210,877,100,0,100
1773836265.8713255,3.6544432640075684,38.598,210,877,100,0,100
1773836265.922656,3.7057738304138184,43.926,210,877,100,0,100
1773836265.983931,3.7670488357543945,40.033,210,877,100,5,100
1773836266.043901,3.8270187377929688,39.085,210,877,100,5,100
1773836266.10492,3.88803768157959,27.883,210,877,100,5,100
1773836266.1562073,3.9393250942230225,27.883,210,877,100,2,100
1773836266.2074988,3.9906165599823,27.883,210,877,100,2,100
1773836266.2588189,4.041936635971069,27.883,210,877,100,2,100
1773836266.31013,4.093247652053833,27.883,210,877,100,0,100
1773836266.3613873,4.144505023956299,27.883,210,877,100,0,100
1773836266.4126513,4.1957690715789795,27.883,210,877,100,0,100
1773836266.4639096,4.247027397155762,27.883,210,877,100,0,100
1773836266.5152624,4.298380136489868,27.883,210,877,100,0,100
1773836266.5665157,4.349633455276489,27.883,210,877,100,0,100
1773836266.6177697,4.400887489318848,36.163,210,877,100,0,100
1773836266.6690621,4.452179908752441,42.953,210,877,100,1,100
1773836266.7300296,4.513147354125977,40.519,210,877,100,1,100
1773836266.790483,4.573600769042969,39.572,210,877,100,1,100
1773836266.8505,4.633617877960205,28.37,210,877,100,6,100
1773836266.9023116,4.685429334640503,27.883,210,877,100,6,100
1773836266.9536328,4.736750602722168,27.883,210,877,100,6,100
1773836267.0048916,4.788009405136108,27.883,210,877,100,0,100
1773836267.0562022,4.839319944381714,27.883,210,877,100,0,100
1773836267.1074548,4.890572547912598,27.883,210,877,100,0,100
1773836267.158782,4.94189977645874,27.883,210,877,100,0,100
1773836267.2100809,4.99319863319397,27.883,210,877,100,0,100
1773836267.2624805,5.045598268508911,27.883,210,877,100,0,100
1773836267.3137567,5.096874475479126,27.883,210,877,100,0,100
1773836267.3650224,5.14814019203186,30.805,210,877,100,0,100
1773836267.4162717,5.199389457702637,41.493,210,877,100,0,100
1773836267.4742408,5.257358551025391,43.926,210,877,100,4,100
1773836267.534269,5.317386865615845,41.033,210,877,100,4,100
1773836267.594625,5.377742767333984,29.831,210,877,100,4,100
1773836267.6469338,5.430051565170288,27.883,210,877,100,3,100
1773836267.698196,5.481313705444336,27.883,210,877,100,3,100
1773836267.7494767,5.532594442367554,27.883,210,877,100,3,100
1773836267.8007298,5.583847522735596,27.883,210,877,100,3,100
1773836267.851976,5.635093688964844,27.901,210,877,100,0,100
1773836267.9046366,5.687754392623901,27.883,210,877,100,0,100
1773836267.9559293,5.739047050476074,27.901,210,877,100,0,100
1773836268.0071995,5.7903172969818115,27.883,210,877,100,0,100
1773836268.0584555,5.841573238372803,27.883,210,877,100,0,100
1773836268.109707,5.89282488822937,27.396,210,877,100,0,100
1773836268.1610172,5.944134950637817,39.572,210,877,100,1,100
1773836268.21566,5.998777866363525,43.926,210,877,100,1,100
1773836268.2761261,6.05924391746521,39.572,210,877,100,1,100
1773836268.3361392,6.119256973266602,32.732,210,877,100,6,100
1773836268.3961568,6.179274559020996,27.883,210,877,100,6,100
1773836268.4474342,6.2305519580841064,27.883,210,877,100,6,100
1773836268.4987667,6.281884431838989,27.883,210,877,100,0,100
1773836268.5500848,6.333202600479126,27.883,210,877,100,0,100
1773836268.6014137,6.384531497955322,27.883,210,877,100,0,100
1773836268.6527007,6.435818433761597,27.883,210,877,100,0,100
1773836268.7055945,6.488712310791016,27.883,210,877,100,0,100
1773836268.756896,6.540013790130615,27.901,210,877,100,0,100
1773836268.8081708,6.5912885665893555,27.883,210,877,100,0,100
1773836268.8594375,6.642555236816406,27.883,210,877,100,0,100
1773836268.9107466,6.693864345550537,38.598,210,877,100,0,100
1773836268.9620605,6.74517822265625,43.468,210,877,100,0,100
1773836269.0194292,6.802546977996826,40.059,210,877,100,4,100
1773836269.0786097,6.861727476119995,39.572,210,877,100,4,100
1773836269.1384056,6.921523332595825,27.883,210,877,100,4,100
1773836269.1896973,6.972815036773682,27.883,210,877,100,3,100
1773836269.2410855,7.024203300476074,27.865,210,877,100,3,100
1773836269.292521,7.075638771057129,27.865,210,877,100,3,100
1773836269.3438334,7.126951217651367,27.865,210,877,100,0,100
1773836269.3951216,7.178239345550537,27.883,210,877,100,0,100
1773836269.4465585,7.229676246643066,27.883,210,877,100,0,100
1773836269.497854,7.2809717655181885,27.883,210,877,100,0,100
1773836269.5491498,7.33226752281189,27.883,210,877,100,0,100
1773836269.6005476,7.383665323257446,27.883,210,877,100,0,100
1773836269.651861,7.434978723526001,34.679,210,877,100,0,100
1773836269.7034142,7.486531972885132,42.466,210,877,100,0,100
1773836269.7616107,7.544728517532349,41.466,210,877,100,0,100
1773836269.8217,7.604817867279053,39.52,210,877,100,6,100
1773836269.8811412,7.66425895690918,28.857,210,877,100,6,100
1773836269.9324603,7.715578079223633,27.883,210,877,100,6,100
1773836269.9837887,7.766906499862671,27.883,210,877,100,6,100
1773836270.0350864,7.818204164505005,27.883,210,877,100,1,100
1773836270.0864027,7.869520425796509,27.883,210,877,100,1,100
1773836270.1376963,7.920814037322998,27.883,210,877,100,1,100
1773836270.1904464,7.973564147949219,27.883,210,877,100,0,100
1773836270.241838,8.024955749511719,27.883,210,877,100,0,100
1773836270.2932396,8.076357364654541,27.883,210,877,100,0,100
1773836270.3445637,8.127681493759155,27.883,210,877,100,0,100
1773836270.3958821,8.178999900817871,26.422,210,877,100,0,100
1773836270.447177,8.230294704437256,40.059,210,877,100,0,100
1773836270.5017784,8.2848961353302,43.44,210,877,100,3,100
1773836270.5639544,8.347072124481201,40.546,210,877,100,3,100
1773836270.6223028,8.405420541763306,31.292,210,877,100,3,100
1773836270.6802557,8.46337342262268,27.883,210,877,100,4,100
1773836270.7335038,8.516621589660645,27.883,210,877,100,4,100
1773836270.7847946,8.567912340164185,27.883,210,877,100,4,100
1773836270.8361278,8.619245529174805,27.883,210,877,100,0,100
1773836270.887411,8.670528888702393,27.883,210,877,100,0,100
1773836270.9387608,8.72187852859497,27.883,210,877,100,0,100
1773836270.9901342,8.773252010345459,27.883,210,877,100,0,100
1773836271.0415332,8.824651002883911,27.883,210,877,100,0,100
1773836271.0928388,8.875956535339355,27.883,210,877,100,0,100
1773836271.1441655,8.92728328704834,27.396,210,877,100,0,100
1773836271.1954703,8.978588104248047,39.085,210,877,100,0,100
1773836271.246844,9.029961824417114,43.926,210,877,100,0,100
1773836271.3047435,9.08786129951477,40.059,210,877,100,0,100
1773836271.3645215,9.147639274597168,39.085,210,877,100,6,100
1773836271.4240878,9.207205533981323,27.883,210,877,100,6,100
1773836271.4753702,9.258487939834595,27.883,210,877,100,6,100
1773836271.5266483,9.309766054153442,27.883,210,877,100,1,100
1773836271.577915,9.361032724380493,27.883,210,877,100,1,100
1773836271.6291938,9.412311553955078,27.883,210,877,100,1,100
1773836271.6805072,9.463624954223633,27.883,210,877,100,0,100
1773836271.7319987,9.515116453170776,27.883,210,877,100,0,100
1773836271.7832837,9.566401481628418,27.846,210,877,100,0,100
1773836271.8346016,9.617719411849976,27.883,210,877,100,0,100
1773836271.8858964,9.66901421546936,27.883,210,877,100,0,100
1773836271.9372225,9.720340251922607,36.163,210,877,100,0,100
1773836271.988526,9.771643877029419,42.953,210,877,100,0,100
1773836272.0457816,9.828899383544922,40.519,210,877,100,2,100
1773836272.1051025,9.888220310211182,39.572,210,877,100,2,100
1773836272.1668944,9.95001220703125,28.37,210,877,100,4,100
1773836272.2181804,10.001298189163208,27.883,210,877,100,4,100
1773836272.2695312,10.052649021148682,27.883,210,877,100,4,100
1773836272.320811,10.103928804397583,27.883,210,877,100,4,100
1773836272.3721783,10.155296087265015,27.883,210,877,100,0,100
1773836272.4234622,10.20657992362976,27.883,210,877,100,0,100
1773836272.4755788,10.258696556091309,27.883,210,877,100,0,100
1773836272.5269208,10.310038566589355,27.883,210,877,100,0,100
1773836272.578222,10.361339807510376,27.883,210,877,100,0,100
1773836272.6295002,10.412617921829224,27.883,210,877,100,0,100
1773836272.680835,10.463952779769897,30.318,210,877,100,0,100
1773836272.7321823,10.515300035476685,41.006,210,877,100,0,100
1773836272.7876923,10.570810079574585,43.44,210,877,100,0,100
1773836272.8471456,10.630263328552246,41.006,210,877,100,5,100
1773836272.907427,10.690544843673706,30.318,210,877,100,5,100
1773836272.9622955,10.745413303375244,27.883,210,877,100,5,100
1773836273.0143168,10.797434568405151,27.883,210,877,100,1,100
1773836273.06562,10.848737716674805,27.883,210,877,100,1,100
1773836273.1189883,10.902106046676636,27.883,210,877,100,1,100
1773836273.1702983,10.953416109085083,27.883,210,877,100,0,100
1773836273.221571,11.004688739776611,27.883,210,877,100,0,100
1773836273.2728925,11.056010246276855,27.883,210,877,100,0,100
1773836273.324195,11.107312679290771,27.883,210,877,100,0,100
1773836273.3757253,11.158843040466309,27.883,210,877,100,0,100
1773836273.427008,11.21012568473816,26.909,210,877,100,0,100
1773836273.4782825,11.26140022277832,39.572,210,877,100,0,100
1773836273.5295594,11.312677145004272,43.44,210,877,100,2,100
1773836273.5901086,11.373226404190063,40.033,210,877,100,2,100
1773836273.6491349,11.432252645492554,33.728,210,877,100,2,100
1773836273.7097616,11.492879390716553,27.883,210,877,100,5,100
1773836273.7610846,11.544202327728271,27.883,210,877,100,5,100
1773836273.812429,11.59554672241211,27.883,210,877,100,5,100
1773836273.8637042,11.646821975708008,27.883,210,877,100,0,100
1773836273.9157577,11.698875427246094,27.883,210,877,100,0,100
1773836273.9670665,11.750184297561646,27.883,210,877,100,0,100
1773836274.0199754,11.803093194961548,27.883,210,877,100,0,100
1773836274.0713522,11.854470014572144,27.846,210,877,100,0,100
1773836274.122663,11.905780792236328,27.846,210,877,100,0,100
1773836274.174023,11.957140684127808,27.865,210,877,100,0,100
1773836274.2253065,12.008424282073975,38.598,210,877,100,0,100
1773836274.276659,12.059776782989502,43.44,210,877,100,0,100
1773836274.332407,12.115524768829346,40.033,210,877,100,5,100
1773836274.3920577,12.175175428390503,40.033,210,877,100,5,100
1773836274.4515169,12.234634637832642,28.37,210,877,100,5,100
1773836274.5028298,12.285947561264038,27.883,210,877,100,5,100
1773836274.5541246,12.337242364883423,27.883,210,877,100,2,100
1773836274.605441,12.388558864593506,27.883,210,877,100,2,100
1773836274.6567447,12.439862489700317,27.883,210,877,100,2,100
1773836274.7081096,12.491227388381958,27.883,210,877,100,0,100
1773836274.7596488,12.542766571044922,27.883,210,877,100,0,100
1773836274.8109834,12.594101190567017,27.883,210,877,100,0,100
1773836274.8623168,12.645434617996216,27.883,210,877,100,0,100
1773836274.913608,12.696725845336914,27.883,210,877,100,0,100
1773836274.964919,12.748036861419678,33.728,210,877,100,0,100
1773836275.0162442,12.799361944198608,41.98,210,877,100,1,100
1773836275.073753,12.856870889663696,43.44,210,877,100,1,100
1773836275.1340249,12.917142629623413,40.059,210,877,100,1,100
1773836275.1929777,12.97609543800354,29.344,210,877,100,6,100
1773836275.2453094,13.028427124023438,27.883,210,877,100,6,100
1773836275.2966363,13.079754114151001,27.883,210,877,100,6,100
1773836275.347921,13.131038665771484,27.883,210,877,100,0,100
1773836275.3992085,13.182326316833496,27.883,210,877,100,0,100
1773836275.4504955,13.23361325263977,27.883,210,877,100,0,100
1773836275.501886,13.285003662109375,27.883,210,877,100,0,100
1773836275.5532022,13.336319923400879,27.883,210,877,100,0,100
1773836275.6044827,13.387600421905518,27.883,210,877,100,0,100
1773836275.6558278,13.438945531845093,27.883,210,877,100,0,100
1773836275.7071059,13.49022364616394,26.909,210,877,100,0,100
1773836275.7584293,13.541547060012817,40.059,210,877,100,0,100
1773836275.815267,13.598384857177734,43.926,210,877,100,0,100
1773836275.876748,13.659865856170654,40.059,210,877,100,5,100
1773836275.935634,13.718751668930054,31.738,210,877,100,5,100
1773836275.9948277,13.777945518493652,27.865,210,877,100,5,100
1773836276.0467389,13.829856634140015,27.883,210,877,100,2,100
1773836276.0980678,13.881185531616211,27.883,210,877,100,2,100
1773836276.149371,13.932488679885864,27.883,210,877,100,2,100
1773836276.2006779,13.983795642852783,27.883,210,877,100,0,100
1773836276.252063,14.035180807113647,27.883,210,877,100,0,100
1773836276.3036056,14.086723327636719,27.883,210,877,100,0,100
1773836276.3549316,14.138049364089966,27.883,210,877,100,0,100
1773836276.4062192,14.189337015151978,27.883,210,877,100,0,100
1773836276.457528,14.24064588546753,27.883,210,877,100,0,100
1773836276.5088153,14.291933059692383,39.085,210,877,100,0,100
1773836276.5601332,14.34325098991394,43.926,210,877,100,1,100
1773836276.6183462,14.401463985443115,40.059,210,877,100,1,100
1773836276.6781607,14.461278438568115,40.059,210,877,100,6,100
1773836276.7386384,14.521756172180176,27.883,210,877,100,6,100
1773836276.7899148,14.57303261756897,27.883,210,877,100,6,100
1773836276.8412037,14.624321460723877,27.883,210,877,100,6,100
1773836276.8924835,14.675601243972778,27.883,210,877,100,0,100
1773836276.9437823,14.726900100708008,27.883,210,877,100,0,100
1773836276.9951,14.778217792510986,27.883,210,877,100,0,100
1773836277.0478213,14.830939054489136,27.883,210,877,100,0,100
1773836277.0991392,14.882256984710693,27.865,210,877,100,0,100
1773836277.1504483,14.933566093444824,27.846,210,877,100,0,100
1773836277.2017365,14.984854221343994,27.883,210,877,100,0,100
1773836277.2531066,15.036224365234375,36.139,210,877,100,0,100
1773836277.3044326,15.087550401687622,42.466,210,877,100,0,100
1773836277.3596208,15.142738580703735,41.98,210,877,100,4,100
1773836277.4192111,15.20232892036438,39.546,210,877,100,4,100
1773836277.4797723,15.262890100479126,28.857,210,877,100,4,100
1773836277.5310736,15.314191341400146,27.846,210,877,100,3,100
1773836277.5823941,15.365511894226074,27.865,210,877,100,3,100
1773836277.633707,15.41682481765747,27.883,210,877,100,3,100
1773836277.685027,15.468144655227661,27.883,210,877,100,3,100
1773836277.7363856,15.519503355026245,27.883,210,877,100,0,100
1773836277.7878466,15.570964336395264,27.883,210,877,100,0,100
1773836277.839135,15.622252702713013,27.883,210,877,100,0,100
1773836277.8904326,15.673550367355347,27.883,210,877,100,0,100
1773836277.9417222,15.724839925765991,27.883,210,877,100,0,100
1773836277.993033,15.776150703430176,26.422,210,877,100,0,100
1773836278.044334,15.827451705932617,40.546,210,877,100,1,100
1773836278.1011045,15.884222269058228,43.926,210,877,100,1,100
1773836278.1621716,15.945289373397827,40.519,210,877,100,1,100
1773836278.2212455,16.004363298416138,30.805,210,877,100,6,100
1773836278.2786067,16.061724424362183,27.883,210,877,100,6,100
1773836278.3322775,16.115395307540894,27.883,210,877,100,6,100
1773836278.3835824,16.1667001247406,27.883,210,877,100,0,100
1773836278.4348998,16.218017578125,27.883,210,877,100,0,100
1773836278.4861748,16.26929259300232,27.883,210,877,100,0,100
1773836278.5374417,16.32055950164795,27.883,210,877,100,0,100
1773836278.5887806,16.371898412704468,27.883,210,877,100,0,100
1773836278.6400537,16.423171520233154,27.883,210,877,100,0,100
1773836278.691437,16.474554777145386,27.883,210,877,100,0,100
1773836278.7427483,16.52586603164673,27.396,210,877,100,0,100
1773836278.793988,16.57710576057434,39.085,210,877,100,0,100
1773836278.8452997,16.628417491912842,43.926,210,877,100,0,100
1773836278.9039435,16.687061309814453,40.059,210,877,100,3,100
1773836278.9631226,16.746240377426147,39.085,210,877,100,3,100
1773836279.0235782,16.80669593811035,27.883,210,877,100,3,100
1773836279.0748956,16.85801339149475,27.883,210,877,100,3,100
1773836279.1263764,16.909494161605835,27.883,210,877,100,3,100
1773836279.1776888,16.960806608200073,27.865,210,877,100,3,100
1773836279.2291763,17.012294054031372,27.883,210,877,100,0,100
1773836279.2805364,17.06365418434143,27.883,210,877,100,0,100
1773836279.3334749,17.11659264564514,27.883,210,877,100,0,100
1773836279.384772,17.167889833450317,27.883,210,877,100,0,100
1773836279.4360802,17.219197988510132,27.883,210,877,100,0,100
1773836279.4873598,17.270477533340454,27.883,210,877,100,0,100
1773836279.5387073,17.32182502746582,37.137,210,877,100,0,100
1773836279.5900083,17.37312602996826,42.953,210,877,100,0,100
1773836279.6459398,17.429057598114014,41.006,210,877,100,0,100
1773836279.704559,17.487676858901978,39.572,210,877,100,6,100
1773836279.7653816,17.54849934577942,28.37,210,877,100,6,100
1773836279.8166447,17.599762439727783,27.883,210,877,100,6,100
1773836279.8679671,17.651084899902344,27.883,210,877,100,1,100
1773836279.9192162,17.70233392715454,27.883,210,877,100,1,100
1773836279.970458,17.753575801849365,27.883,210,877,100,1,100
1773836280.0217257,17.804843425750732,27.883,210,877,100,1,100
1773836280.0731003,17.856218099594116,27.883,210,877,100,0,100
1773836280.124358,17.90747570991516,27.883,210,877,100,0,100
1773836280.1760762,17.95919394493103,27.883,210,877,100,0,100
1773836280.2273676,18.010485410690308,27.883,210,877,100,0,100
1773836280.2786584,18.061776161193848,27.883,210,877,100,0,100
1773836280.3306384,18.11375617980957,41.033,210,877,100,0,100
1773836280.3872178,18.17033553123474,43.926,210,877,100,3,100
1773836280.4471874,18.230305194854736,41.006,210,877,100,3,100
1773836280.5072787,18.290396451950073,30.318,210,877,100,3,100
1773836280.5632043,18.346322059631348,27.883,210,877,100,4,100
1773836280.614521,18.39763879776001,27.883,210,877,100,4,100
1773836280.6658323,18.448950052261353,27.883,210,877,100,4,100
1773836280.7187016,18.501819372177124,27.883,210,877,100,0,100
1773836280.7700121,18.55312991142273,27.883,210,877,100,0,100
1773836280.8212614,18.604379177093506,27.883,210,877,100,0,100
1773836280.8725612,18.65567898750305,27.883,210,877,100,0,100
1773836280.923824,18.706941843032837,27.865,210,877,100,0,100
1773836280.9753113,18.758429050445557,27.865,210,877,100,0,100
1773836281.0266032,18.809720993041992,27.396,210,877,100,0,100
1773836281.078135,18.861252784729004,39.572,210,877,100,0,100
1773836281.1294177,18.912535429000854,43.926,210,877,100,0,100
1773836281.1903844,18.973502159118652,40.059,210,877,100,0,100
1773836281.2492065,19.03232431411743,35.676,210,877,100,5,100
1773836281.3092995,19.092417240142822,27.883,210,877,100,5,100
1773836281.3605711,19.143688917160034,27.883,210,877,100,5,100
1773836281.4118373,19.194955110549927,27.883,210,877,100,1,100
1773836281.4631038,19.2462215423584,27.883,210,877,100,1,100
1773836281.5143743,19.297492027282715,27.883,210,877,100,1,100
1773836281.5656517,19.348769426345825,27.883,210,877,100,0,100
1773836281.617035,19.400152683258057,27.883,210,877,100,0,100
1773836281.6682968,19.451414585113525,27.883,210,877,100,0,100
1773836281.7195663,19.502684116363525,27.883,210,877,100,0,100
1773836281.77081,19.553927659988403,27.883,210,877,100,0,100
1773836281.8220584,19.605176210403442,37.624,210,877,100,0,100
1773836281.873329,19.65644669532776,43.44,210,877,100,2,100
1773836281.9316454,19.714763164520264,40.519,210,877,100,2,100
1773836281.9911673,19.774285078048706,39.572,210,877,100,2,100
1773836282.0505736,19.833691358566284,28.37,210,877,100,5,100
1773836282.1018376,19.884955406188965,27.883,210,877,100,5,100
1773836282.1530893,19.936207056045532,27.883,210,877,100,5,100
1773836282.2043602,19.987478017807007,27.883,210,877,100,0,100
1773836282.2556467,20.038764476776123,27.883,210,877,100,0,100
1773836282.3069794,20.090097188949585,27.883,210,877,100,0,100
1773836282.3582778,20.141395568847656,27.883,210,877,100,0,100
1773836282.409571,20.192688703536987,27.883,210,877,100,0,100
1773836282.4608197,20.243937492370605,27.883,210,877,100,0,100
1773836282.5121021,20.295219898223877,27.883,210,877,100,0,100
1773836282.5633724,20.346490144729614,31.292,210,877,100,0,100
1773836282.6147144,20.39783215522766,41.493,210,877,100,0,100
1773836282.6720037,20.455121517181396,43.926,210,877,100,0,100
1773836282.7319932,20.515110969543457,40.519,210,877,100,5,100
1773836282.792472,20.575589656829834,29.792,210,877,100,5,100
1773836282.8449965,20.628114223480225,27.883,210,877,100,5,100
1773836282.8963146,20.67943239212036,27.883,210,877,100,2,100
1773836282.9476318,20.73074960708618,27.883,210,877,100,2,100
1773836282.9989817,20.78209948539734,27.883,210,877,100,2,100
1773836283.0503101,20.833427906036377,27.883,210,877,100,0,100
1773836283.1019742,20.88509202003479,27.883,210,877,100,0,100
1773836283.1532354,20.93635320663452,27.846,210,877,100,0,100
1773836283.204514,20.987631797790527,27.883,210,877,100,0,100
1773836283.2558746,21.038992404937744,27.883,210,877,100,0,100
1773836283.3071833,21.090301036834717,27.396,210,877,100,0,100
1773836283.3585396,21.14165735244751,39.572,210,877,100,0,100
1773836283.4133425,21.196460247039795,43.926,210,877,100,1,100
1773836283.474802,21.257919788360596,40.033,210,877,100,1,100
1773836283.5340924,21.31721019744873,32.266,210,877,100,6,100
1773836283.5936275,21.376745223999023,27.883,210,877,100,6,100
1773836283.6449587,21.42807650566101,27.883,210,877,100,6,100
1773836283.6962519,21.479369640350342,27.883,210,877,100,6,100
1773836283.7475274,21.53064513206482,27.883,210,877,100,0,100
1773836283.7988098,21.58192753791809,27.883,210,877,100,0,100
1773836283.8500743,21.63319206237793,27.883,210,877,100,0,100
1773836283.9015021,21.684619903564453,27.883,210,877,100,0,100
1773836283.952781,21.735898733139038,27.883,210,877,100,0,100
1773836284.0040624,21.787180185317993,27.883,210,877,100,0,100
1773836284.0553286,21.838446378707886,27.883,210,877,100,0,100
1773836284.1066003,21.889718055725098,38.598,210,877,100,0,100
1773836284.1578994,21.941017150878906,43.926,210,877,100,0,100
1773836284.2162268,21.99934458732605,40.059,210,877,100,5,100
1773836284.2757592,22.058876991271973,40.059,210,877,100,5,100
1773836284.335412,22.118529796600342,28.37,210,877,100,5,100
1773836284.3866885,22.169806241989136,27.883,210,877,100,2,100
1773836284.438604,22.2217218875885,27.883,210,877,100,2,100
1773836284.4898531,22.2729709148407,27.883,210,877,100,2,100
1773836284.5411549,22.324272632598877,27.883,210,877,100,2,100
1773836284.592396,22.375513792037964,27.883,210,877,100,0,100
1773836284.6438632,22.42698097229004,27.883,210,877,100,0,100
1773836284.6951442,22.478261947631836,27.883,210,877,100,0,100
1773836284.7464008,22.529518604278564,27.883,210,877,100,0,100
1773836284.7976513,22.580769062042236,27.883,210,877,100,0,100
1773836284.848895,22.632012844085693,34.702,210,877,100,0,100
1773836284.9001544,22.683272123336792,41.98,210,877,100,1,100
1773836284.9574108,22.74052858352661,41.98,210,877,100,1,100
1773836285.0181088,22.80122661590576,39.572,210,877,100,1,100
1773836285.0781322,22.861249923706055,29.344,210,877,100,6,100
1773836285.1294522,22.912569999694824,27.865,210,877,100,6,100
1773836285.1808245,22.963942289352417,27.846,210,877,100,6,100
1773836285.2321515,23.01526927947998,27.846,210,877,100,0,100
1773836285.2834976,23.066615343093872,27.865,210,877,100,0,100
1773836285.3348076,23.11792540550232,27.883,210,877,100,0,100
1773836285.387535,23.170652866363525,27.883,210,877,100,0,100
1773836285.4388192,23.22193694114685,27.846,210,877,100,0,100
1773836285.4900866,23.27320432662964,27.865,210,877,100,0,100
1773836285.5414054,23.324523210525513,27.883,210,877,100,0,100
1773836285.5927613,23.375879049301147,26.422,210,877,100,0,100
1773836285.644161,23.427278757095337,40.033,210,877,100,0,100
1773836285.6988204,23.481938123703003,43.926,210,877,100,0,100
1773836285.7602236,23.543341398239136,40.546,210,877,100,4,100
1773836285.8190029,23.602120637893677,31.292,210,877,100,4,100
1773836285.8769488,23.660066604614258,27.883,210,877,100,4,100
1773836285.9300132,23.713130950927734,27.883,210,877,100,2,100
1773836285.9813554,23.76447319984436,27.883,210,877,100,2,100
1773836286.032659,23.815776824951172,27.883,210,877,100,2,100
1773836286.0839365,23.867054224014282,27.883,210,877,100,0,100
1773836286.1352043,23.91832208633423,27.883,210,877,100,0,100
1773836286.1865547,23.969672441482544,27.883,210,877,100,0,100
1773836286.2378483,24.020966053009033,27.883,210,877,100,0,100
1773836286.2895346,24.072652339935303,27.883,210,877,100,0,100
1773836286.3408015,24.123919248580933,27.396,210,877,100,0,100
1773836286.3920789,24.175196647644043,39.085,210,877,100,1,100
1773836286.4433956,24.226513385772705,43.926,210,877,100,1,100
1773836286.502735,24.285852670669556,39.98,210,877,100,1,100
1773836286.561296,24.34441375732422,36.602,210,877,100,7,100
1773836286.6199327,24.403050422668457,37.112,210,877,100,7,100
1773836286.6794071,24.462524890899658,36.139,210,877,100,7,100
1773836286.739103,24.522220849990845,36.626,210,877,100,12,100
1773836286.799803,24.582920789718628,36.139,210,877,100,12,100
1773836286.8597105,24.642828226089478,36.139,210,877,100,12,100
1773836286.9200423,24.703160047531128,36.139,210,877,100,12,100
1773836286.9796517,24.7627694606781,36.626,210,877,100,12,100
1773836287.0401945,24.823312282562256,36.139,210,877,100,12,100
1773836287.1002264,24.883344173431396,35.629,210,877,100,12,100
1773836287.1605422,24.943660020828247,36.139,210,877,100,12,100
1773836287.2211955,25.004313230514526,36.139,210,877,100,12,100
1773836287.280955,25.064072847366333,36.626,210,877,100,12,100
1773836287.3404336,25.12355136871338,35.676,210,877,100,12,100
1773836287.3997068,25.18282461166382,36.139,210,877,100,12,100
1773836287.460737,25.243854761123657,35.189,210,877,100,12,100
1773836287.521071,25.30418872833252,36.602,210,877,100,12,100
1773836287.5810537,25.364171504974365,36.139,210,877,100,12,100
1773836287.6413448,25.42446255683899,36.163,210,877,100,12,100
1773836287.7010536,25.484171390533447,35.676,210,877,100,12,100
1773836287.7604039,25.543521642684937,35.629,210,877,100,12,100
1773836287.8214395,25.604557275772095,35.676,210,877,100,12,100
1773836287.8819041,25.665021896362305,36.163,210,877,100,12,100
1773836287.942464,25.725581884384155,36.163,210,877,100,12,100
1773836288.0018134,25.784931182861328,36.163,210,877,100,12,100
1773836288.0620615,25.845179319381714,36.163,210,877,100,12,100
1773836288.1221573,25.905275106430054,36.115,210,877,100,12,100
1773836288.181046,25.964163780212402,35.629,210,877,100,12,100
1773836288.2418008,26.02491855621338,36.626,210,877,100,12,100
1773836288.302833,26.08595085144043,36.139,210,877,100,12,100
1773836288.3628623,26.1459801197052,36.65,210,877,100,12,100
1773836288.4232047,26.20632243156433,36.163,210,877,100,12,100
1773836288.4820356,26.265153408050537,35.676,210,877,100,12,100
1773836288.543387,26.326504707336426,36.65,210,877,100,12,100
1773836288.603316,26.386433839797974,36.163,210,877,100,12,100
1773836288.66381,26.446927785873413,35.676,210,877,100,12,100
1773836288.72341,26.50652766227722,35.189,210,877,100,12,100
1773836288.7841995,26.567317247390747,35.676,210,877,100,12,100
1773836288.8442123,26.62733006477356,35.676,210,877,100,12,100
1773836288.9043727,26.687490463256836,36.65,210,877,100,12,100
1773836288.9647381,26.74785590171814,36.163,210,877,100,12,100
1773836289.023382,26.80649971961975,36.163,210,877,100,12,100
1773836289.0844314,26.867549180984497,35.676,210,877,100,12,100
1773836289.1433492,26.926466941833496,35.676,210,877,100,12,100
1773836289.1948245,26.97794222831726,35.189,210,877,100,12,100
1773836289.246156,27.029273748397827,36.163,210,877,100,12,100
1773836289.3049242,27.08804202079773,35.676,210,877,100,12,100
1773836289.365816,27.14893388748169,36.163,210,877,100,12,100
1773836289.4254234,27.20854115486145,36.163,210,877,100,12,100
1773836289.4857395,27.26885724067688,36.65,210,877,100,12,100
1773836289.5455296,27.32864737510681,36.163,210,877,100,12,100
1773836289.604618,27.387735843658447,36.163,210,877,100,12,100
1773836289.6658642,27.448982000350952,35.676,210,877,100,12,100
1773836289.7260976,27.509215354919434,35.676,210,877,100,12,100
1773836289.7870877,27.570205450057983,35.142,210,877,100,12,100
1773836289.8466117,27.629729509353638,36.578,210,877,100,12,100
1773836289.9065256,27.689643383026123,35.652,210,877,100,12,100
1773836289.9664452,27.749562978744507,35.652,210,877,100,12,100
1773836290.026715,27.80983281135559,35.652,210,877,100,12,100
1773836290.0874178,27.870535612106323,36.139,210,877,100,12,100
1773836290.147093,27.930210828781128,36.139,210,877,100,12,100
1773836290.2071443,27.990262031555176,36.626,210,877,100,12,100
1773836290.2672021,28.05031991004944,35.652,210,877,100,12,100
1773836290.32731,28.110427856445312,35.652,210,877,100,12,100
1773836290.387663,28.170780658721924,35.676,210,877,100,12,100
1773836290.4479175,28.231035232543945,36.602,210,877,100,12,100
1773836290.507936,28.291053771972656,36.163,210,877,100,12,100
1773836290.5677207,28.35083842277527,35.676,210,877,100,12,100
1773836290.6283746,28.411492347717285,36.115,210,877,100,12,100
1773836290.6879945,28.47111225128174,35.676,210,877,100,12,100
1773836290.748368,28.53148579597473,36.65,210,877,100,12,100
1773836290.808944,28.592061758041382,36.65,210,877,100,12,100
1773836290.868708,28.651825666427612,36.115,210,877,100,12,100
1773836290.9288929,28.712010622024536,35.676,210,877,100,12,100
1773836290.9876955,28.77081322669983,36.139,210,877,100,12,100
1773836291.0491507,28.832268476486206,35.676,210,877,100,12,100
1773836291.1083424,28.891460180282593,36.65,210,877,100,12,100
1773836291.169651,28.952768802642822,36.163,210,877,100,12,100
1773836291.2285435,29.011661291122437,36.163,210,877,100,12,100
1773836291.2894704,29.072588205337524,35.676,210,877,100,12,100
1773836291.348567,29.13168478012085,36.65,210,877,100,12,100
1773836291.4100409,29.193158626556396,35.189,210,877,100,12,100
1773836291.4704733,29.253591060638428,36.65,210,877,100,12,100
1773836291.5303073,29.313425064086914,35.676,210,877,100,12,100
1773836291.590126,29.373243808746338,36.65,210,877,100,12,100
1773836291.6507814,29.43389916419983,35.676,210,877,100,12,100
1773836291.7093565,29.49247431755066,36.163,210,877,100,12,100
1773836291.760906,29.544023752212524,36.65,210,877,100,12,100
1773836291.8121958,29.595313549041748,36.163,210,877,100,12,100
1773836291.8711784,29.654296159744263,35.676,210,877,100,12,100
1773836291.931866,29.714983701705933,36.65,210,877,100,12,100
1773836291.9914265,29.77454423904419,36.115,210,877,100,12,100
1773836292.0516298,29.834747552871704,36.602,210,877,100,12,100
1773836292.1117406,29.894858360290527,36.139,210,877,100,12,100
1773836292.1707888,29.953906536102295,36.139,210,877,100,12,100
1773836292.2307339,30.013851642608643,35.652,210,877,100,12,100
1773836292.2909706,30.07408833503723,36.602,210,877,100,12,100
1773836292.3522463,30.135364055633545,36.163,210,877,100,12,100
1773836292.412183,30.195300817489624,36.602,210,877,100,12,100
1773836292.4728003,30.25591802597046,35.652,210,877,100,12,100
1773836292.5327349,30.315852642059326,35.652,210,877,100,12,100
1773836292.5931594,30.376277208328247,36.602,210,877,100,12,100
1773836292.6537979,30.436915636062622,36.139,210,877,100,12,100
1773836292.7135036,30.49662137031555,36.139,210,877,100,12,100
1773836292.7736168,30.556734561920166,36.163,210,877,100,12,100
1773836292.8337352,30.61685299873352,36.163,210,877,100,12,100
1773836292.89374,30.676857709884644,35.676,210,877,100,12,100
1773836292.9546762,30.737793922424316,36.65,210,877,100,12,100
1773836293.0141006,30.797218322753906,35.676,210,877,100,12,100
1773836293.0751693,30.85828709602356,36.163,210,877,100,12,100
1773836293.134385,30.917502880096436,36.163,210,877,100,12,100
1773836293.1949115,30.978029251098633,36.163,210,877,100,12,100
1773836293.2534263,31.03654408454895,37.137,210,877,100,12,100
1773836293.3049345,31.08805227279663,36.65,210,877,100,12,100
1773836293.356393,31.13951086997986,36.163,210,877,100,12,100
1773836293.4151552,31.198272943496704,36.163,210,877,100,12,100
1773836293.474491,31.257608652114868,36.163,210,877,100,12,100
1773836293.5355864,31.31870412826538,36.626,210,877,100,12,100
1773836293.595315,31.378432750701904,36.115,210,877,100,12,100
1773836293.655473,31.43859076499939,36.139,210,877,100,12,100
1773836293.7157505,31.498868227005005,36.139,210,877,100,12,100
1773836293.7757108,31.558828592300415,36.139,210,877,100,12,100
1773836293.836571,31.619688749313354,35.652,210,877,100,12,100
1773836293.897042,31.6801598072052,36.626,210,877,100,12,100
1773836293.9565797,31.739697456359863,36.139,210,877,100,12,100
1773836294.0166292,31.799746990203857,36.65,210,877,100,12,100
1773836294.0775452,31.860662937164307,36.163,210,877,100,12,100
1773836294.1359262,31.919044017791748,35.676,210,877,100,12,100
1773836294.197355,31.980472803115845,36.65,210,877,100,12,100
1773836294.2570858,32.04020357131958,36.65,210,877,100,12,100
1773836294.3175645,32.10068225860596,36.163,210,877,100,12,100
1773836294.3773184,32.160436153411865,35.676,210,877,100,12,100
1773836294.4377885,32.220906257629395,36.163,210,877,100,12,100
1773836294.4980114,32.281129121780396,36.163,210,877,100,12,100
1773836294.556398,32.339515686035156,35.676,210,877,100,12,100
1773836294.6080282,32.39114594459534,36.163,210,877,100,12,100
1773836294.6599107,32.44302845001221,35.676,210,877,100,12,100
1773836294.7186306,32.50174832344055,35.676,210,877,100,12,100
1773836294.778804,32.56192183494568,36.65,210,877,100,12,100
1773836294.8384778,32.62159562110901,36.091,210,877,100,12,100
1773836294.899453,32.682570695877075,36.115,210,877,100,12,100
1773836294.9587636,32.741881370544434,35.676,210,877,100,12,100
1773836295.0195136,32.80263137817383,37.137,210,877,100,12,100
1773836295.0791476,32.86226534843445,36.65,210,877,100,12,100
1773836295.138053,32.921170711517334,36.163,210,877,100,12,100
1773836295.1992161,32.98233389854431,36.163,210,877,100,12,100
1773836295.2596147,33.04273247718811,36.163,210,877,100,12,100
1773836295.3197877,33.10290551185608,35.676,210,877,100,12,100
1773836295.3801541,33.1632719039917,36.65,210,877,100,12,100
1773836295.4401095,33.22322726249695,35.676,210,877,100,12,100
1773836295.5006835,33.283801317214966,36.65,210,877,100,12,100
1773836295.5600011,33.34311890602112,36.163,210,877,100,12,100
1773836295.6198916,33.40300941467285,36.163,210,877,100,12,100
1773836295.6807094,33.46382713317871,35.676,210,877,100,12,100
1773836295.7409935,33.52411127090454,36.163,210,877,100,12,100
1773836295.8009875,33.584105253219604,36.163,210,877,100,12,100
1773836295.8608341,33.64395189285278,36.65,210,877,100,12,100
1773836295.9214704,33.704588174819946,36.163,210,877,100,12,100
1773836295.9814422,33.76455998420715,35.676,210,877,100,12,100
1773836296.0417986,33.82491636276245,35.676,210,877,100,12,100
1773836296.1013494,33.884467124938965,37.137,210,877,100,12,100
1773836296.1614017,33.94451951980591,36.163,210,877,100,12,100
1773836296.221629,34.00474667549133,35.676,210,877,100,12,100
1773836296.2820568,34.06517457962036,36.163,210,877,100,12,100
1773836296.3421116,34.125229358673096,36.65,210,877,100,12,100
1773836296.4008393,34.18395709991455,35.676,210,877,100,12,100
1773836296.4522703,34.2353880405426,35.676,210,877,100,12,100
1773836296.5035458,34.28666353225708,35.676,210,877,100,12,100
1773836296.561453,34.34457087516785,35.676,210,877,100,12,100
1773836296.622963,34.40608072280884,36.65,210,877,100,12,100
1773836296.682673,34.46579074859619,36.163,210,877,100,12,100
1773836296.7434053,34.52652311325073,35.676,210,877,100,12,100
1773836296.8030381,34.58615589141846,35.189,210,877,100,12,100
1773836296.8637347,34.64685249328613,36.115,210,877,100,12,100
1773836296.9235823,34.70670008659363,36.115,210,877,100,12,100
1773836296.9840817,34.76719951629639,36.139,210,877,100,12,100
1773836297.043463,34.82658076286316,36.163,210,877,100,12,100
1773836297.1037152,34.88683295249939,36.163,210,877,100,12,100
1773836297.1637726,34.946890354156494,35.676,210,877,100,12,100
1773836297.224354,35.007471799850464,36.65,210,877,100,12,100
1773836297.284371,35.06748867034912,36.163,210,877,100,12,100
1773836297.344369,35.12748670578003,36.626,210,877,100,12,100
1773836297.4041333,35.18725109100342,36.163,210,877,100,12,100
1773836297.4640174,35.247135162353516,36.163,210,877,100,12,100
1773836297.5247002,35.3078179359436,36.163,210,877,100,12,100
1773836297.5851479,35.3682656288147,36.65,210,877,100,12,100
1773836297.6449935,35.42811131477356,36.139,210,877,100,12,100
1773836297.704997,35.48811483383179,36.65,210,877,100,12,100
1773836297.7655516,35.54866933822632,36.163,210,877,100,12,100
1773836297.8256812,35.60879898071289,36.163,210,877,100,12,100
1773836297.8858533,35.66897106170654,35.189,210,877,100,12,100
1773836297.9458606,35.728978395462036,36.65,210,877,100,12,100
1773836298.0058603,35.788978099823,36.163,210,877,100,12,100
1773836298.065793,35.84891080856323,36.65,210,877,100,12,100
1773836298.1266148,35.90973258018494,36.163,210,877,100,12,100
1773836298.186147,35.96926474571228,36.65,210,877,100,12,100
1773836298.2450154,36.028133153915405,35.676,210,877,100,12,100
1773836298.2964926,36.0796103477478,36.139,210,877,100,12,100
1773836298.347819,36.13093686103821,36.139,210,877,100,12,100
1773836298.4069808,36.19009852409363,36.65,210,877,100,12,100
1773836298.4666874,36.249805212020874,35.676,210,877,100,12,100
1773836298.5275307,36.3106484413147,36.163,210,877,100,12,100
1773836298.5877967,36.370914459228516,35.676,210,877,100,12,100
1773836298.6471312,36.430248975753784,35.676,210,877,100,12,100
1773836298.7076974,36.49081516265869,35.676,210,877,100,12,100
1773836298.7678692,36.550987005233765,35.676,210,877,100,12,100
1773836298.8282168,36.611334562301636,36.163,210,877,100,12,100
1773836298.8876984,36.67081618309021,36.65,210,877,100,12,100
1773836298.9486418,36.731759548187256,36.163,210,877,100,12,100
1773836299.0082827,36.79140043258667,35.676,210,877,100,12,100
1773836299.0691044,36.852222204208374,36.163,210,877,100,12,100
1773836299.128861,36.91197872161865,36.65,210,877,100,12,100
1773836299.1873932,36.970510959625244,36.163,210,877,100,12,100
1773836299.248585,37.031702756881714,36.163,210,877,100,12,100
1773836299.3093572,37.092474937438965,36.602,210,877,100,12,100
1773836299.3688698,37.15198755264282,36.139,210,877,100,12,100
1773836299.4296021,37.21271991729736,36.65,210,877,100,12,100
1773836299.4894948,37.27261257171631,35.676,210,877,100,12,100
1773836299.5499296,37.33304738998413,36.65,210,877,100,12,100
1773836299.6099858,37.39310359954834,35.676,210,877,100,12,100
1773836299.6696613,37.452779054641724,35.676,210,877,100,12,100
1773836299.7301924,37.5133101940155,35.676,210,877,100,12,100
1773836299.7903013,37.57341909408569,36.163,210,877,100,12,100
1773836299.8489425,37.632060289382935,36.163,210,877,100,12,100
1773836299.910083,37.6932008266449,36.65,210,877,100,12,100
1773836299.9701445,37.75326228141785,36.163,210,877,100,12,100
1773836300.0304768,37.813594579696655,36.163,210,877,100,12,100
1773836300.0909612,37.87407898902893,35.676,210,877,100,12,100
1773836300.150939,37.934056758880615,36.65,210,877,100,12,100
1773836300.2095137,37.99263143539429,35.676,210,877,100,12,100
1773836300.2608862,38.04400396347046,36.163,210,877,100,12,100
1773836300.3121784,38.095296144485474,36.163,210,877,100,12,100
1773836300.3717055,38.154823303222656,36.65,210,877,100,12,100
1773836300.4323878,38.215505599975586,36.163,210,877,100,12,100
1773836300.4920595,38.275177240371704,36.65,210,877,100,12,100
1773836300.5522923,38.33541011810303,35.676,210,877,100,12,100
1773836300.6121051,38.395222902297974,35.676,210,877,100,12,100
1773836300.6724524,38.455570220947266,36.65,210,877,100,12,100
1773836300.7324731,38.51559090614319,36.163,210,877,100,12,100
1773836300.7926662,38.5757839679718,36.163,210,877,100,12,100
1773836300.852507,38.63562488555908,35.676,210,877,100,12,100
1773836300.9128597,38.695977449417114,35.676,210,877,100,12,100
1773836300.9729161,38.7560338973999,35.676,210,877,100,12,100
1773836301.0330393,38.81615710258484,36.65,210,877,100,12,100
1773836301.0929515,38.87606930732727,36.65,210,877,100,12,100
1773836301.1532087,38.93632650375366,36.163,210,877,100,12,100
1773836301.2130265,38.99614429473877,36.163,210,877,100,12,100
1773836301.27371,39.056827783584595,37.137,210,877,100,12,100
1773836301.3337872,39.116904973983765,36.163,210,877,100,12,100
1773836301.393875,39.176992654800415,36.65,210,877,100,12,100
1773836301.4541073,39.23722505569458,36.163,210,877,100,12,100
1773836301.5127943,39.29591202735901,36.163,210,877,100,12,100
1773836301.5739572,39.35707497596741,35.676,210,877,100,12,100
1773836301.6344051,39.41752290725708,36.163,210,877,100,12,100
1773836301.6943872,39.47750496864319,36.163,210,877,100,12,100
1773836301.754362,39.537479877471924,36.65,210,877,100,12,100
1773836301.8142838,39.59740161895752,35.676,210,877,100,12,100
1773836301.8740458,39.65716361999512,35.676,210,877,100,12,100
1773836301.9350758,39.71819353103638,35.676,210,877,100,12,100
1773836301.9939208,39.77703857421875,37.137,210,877,100,12,100
1773836302.0555289,39.83864665031433,36.163,210,877,100,12,100
1773836302.1154199,39.89853763580322,36.65,210,877,100,12,100
1773836302.1769328,39.96005058288574,36.163,210,877,100,12,100
1773836302.2362592,40.01937699317932,36.163,210,877,100,12,100
1773836302.296649,40.07976675033569,36.65,210,877,100,12,100
1773836302.356167,40.13928484916687,37.137,210,877,100,12,100
1773836302.4164476,40.199565410614014,36.163,210,877,100,12,100
1773836302.4776695,40.26078724861145,36.163,210,877,100,12,100
1773836302.5373132,40.32043099403381,36.163,210,877,100,12,100
1773836302.5972972,40.380414962768555,36.163,210,877,100,12,100
1773836302.657587,40.44070482254028,36.65,210,877,100,12,100
1773836302.7177012,40.500818967819214,36.163,210,877,100,12,100
1773836302.7773097,40.56042742729187,36.65,210,877,100,12,100
1773836302.838195,40.621312856674194,36.163,210,877,100,12,100
1773836302.896761,40.67987871170044,36.163,210,877,100,12,100
1773836302.9583125,40.74143028259277,35.676,210,877,100,12,100
1773836303.0187058,40.80182361602783,36.65,210,877,100,12,100
1773836303.079239,40.862356662750244,36.163,210,877,100,12,100
1773836303.138653,40.92177081108093,36.65,210,877,100,12,100
1773836303.199655,40.98277282714844,36.163,210,877,100,12,100
1773836303.2577124,41.04083013534546,35.676,210,877,100,12,100
1773836303.31935,41.10246777534485,35.676,210,877,100,12,100
1773836303.3792214,41.162339210510254,36.163,210,877,100,12,100
1773836303.4395576,41.22267532348633,36.163,210,877,100,12,100
1773836303.499796,41.28291368484497,35.676,210,877,100,12,100
1773836303.5597556,41.342873334884644,36.163,210,877,100,12,100
1773836303.6201262,41.40324401855469,36.163,210,877,100,12,100
1773836303.6795323,41.46265006065369,36.65,210,877,100,12,100
1773836303.7399068,41.523024559020996,36.163,210,877,100,12,100
1773836303.79946,41.5825777053833,36.163,210,877,100,12,100
1773836303.860485,41.64360284805298,35.676,210,877,100,12,100
1773836303.9211252,41.70424294471741,36.65,210,877,100,12,100
1773836303.9818637,41.764981508255005,35.676,210,877,100,12,100
1773836304.041486,41.82460379600525,36.65,210,877,100,12,100
1773836304.1011314,41.884249210357666,36.163,210,877,100,12,100
1773836304.1613328,41.94445061683655,36.163,210,877,100,12,100
1773836304.222216,42.00533366203308,36.163,210,877,100,12,100
1773836304.2829032,42.06602096557617,36.163,210,877,100,12,100
1773836304.3408346,42.12395238876343,35.676,210,877,100,12,100
1773836304.4025555,42.185673236846924,36.65,210,877,100,12,100
1773836304.462452,42.245569705963135,36.163,210,877,100,12,100
1773836304.5232277,42.30634546279907,35.676,210,877,100,12,100
1773836304.5837817,42.366899490356445,36.163,210,877,100,12,100
1773836304.6420293,42.42514705657959,35.676,210,877,100,12,100
1773836304.7034457,42.48656344413757,36.65,210,877,100,12,100
1773836304.7634718,42.546589612960815,35.676,210,877,100,12,100
1773836304.8245897,42.607707500457764,36.65,210,877,100,12,100
1773836304.8849611,42.668078899383545,36.163,210,877,100,12,100
1773836304.9445198,42.72763752937317,36.65,210,877,100,12,100
1773836305.0047147,42.787832498550415,36.163,210,877,100,12,100
1773836305.0653543,42.848472118377686,36.65,210,877,100,12,100
1773836305.1254084,42.90852618217468,36.163,210,877,100,12,100
1773836305.1862676,42.969385385513306,36.65,210,877,100,12,100
1773836305.2464736,43.02959132194519,36.65,210,877,100,12,100
1773836305.3061333,43.08925104141235,35.676,210,877,100,12,100
1773836305.3665464,43.14966416358948,36.163,210,877,100,12,100
1773836305.4273129,43.21043062210083,35.189,210,877,100,12,100
1773836305.4866242,43.269742012023926,36.65,210,877,100,12,100
1773836305.5477777,43.33089542388916,35.676,210,877,100,12,100
1773836305.6081371,43.391254901885986,36.163,210,877,100,12,100
1773836305.6676273,43.45074510574341,35.652,210,877,100,12,100
1773836305.7269394,43.51005721092224,35.676,210,877,100,12,100
1773836305.789761,43.57287883758545,35.676,210,877,100,12,100
1773836305.8489048,43.63202261924744,36.626,210,877,100,12,100
1773836305.908848,43.69196581840515,36.139,210,877,100,12,100
1773836305.9689505,43.752068281173706,37.137,210,877,100,12,100
1773836306.030028,43.813145875930786,36.163,210,877,100,12,100
1773836306.0902958,43.87341356277466,35.676,210,877,100,12,100
1773836306.149971,43.93308877944946,35.676,210,877,100,12,100
1773836306.2100708,43.99318861961365,36.163,210,877,100,12,100
1773836306.2696013,44.05271911621094,36.163,210,877,100,12,100
1773836306.3305984,44.11371612548828,36.163,210,877,100,12,100
1773836306.3916767,44.1747944355011,36.163,210,877,100,12,100
1773836306.4511065,44.23422431945801,36.163,210,877,100,12,100
1773836306.5119448,44.29506254196167,36.65,210,877,100,12,100
1773836306.570948,44.35406565666199,35.676,210,877,100,12,100
1773836306.6329517,44.41606950759888,36.163,210,877,100,12,100
1773836306.6939316,44.477049350738525,36.163,210,877,100,12,100
1773836306.7526894,44.53580713272095,36.65,210,877,100,12,100
1773836306.8135984,44.5967161655426,36.163,210,877,100,12,100
1773836306.8734376,44.65655541419983,35.676,210,877,100,12,100
1773836306.9339871,44.7171049118042,36.163,210,877,100,12,100
1773836306.994963,44.778080701828,36.163,210,877,100,12,100
1773836307.054367,44.83748483657837,36.65,210,877,100,12,100
1773836307.114336,44.89745378494263,36.163,210,877,100,12,100
1773836307.1744654,44.95758318901062,36.163,210,877,100,12,100
1773836307.235521,45.01863884925842,36.602,210,877,100,12,100
1773836307.2967997,45.079917430877686,36.626,210,877,100,12,100
1773836307.3543427,45.137460470199585,35.676,210,877,100,12,100
1773836307.4058425,45.188960313797,36.163,210,877,100,12,100
1773836307.4572232,45.24034094810486,35.676,210,877,100,12,100
1773836307.5153387,45.29845643043518,36.163,210,877,100,12,100
1773836307.5765145,45.35963225364685,35.676,210,877,100,12,100
1773836307.6378167,45.420934438705444,36.163,210,877,100,12,100
1773836307.698434,45.48155188560486,36.163,210,877,100,12,100
1773836307.7571268,45.540244579315186,36.163,210,877,100,12,100
1773836307.8185518,45.60166954994202,36.163,210,877,100,12,100
1773836307.8777754,45.660893201828,36.163,210,877,100,12,100
1773836307.9370947,45.72021245956421,37.137,210,877,100,12,100
1773836307.9991608,45.782278537750244,36.65,210,877,100,12,100
1773836308.0590172,45.842134952545166,36.65,210,877,100,12,100
1773836308.1193237,45.90244150161743,36.163,210,877,100,12,100
1773836308.1779828,45.961100578308105,36.163,210,877,100,12,100
1773836308.2294738,46.01259160041809,36.65,210,877,100,12,100
1773836308.2808077,46.06392550468445,36.65,210,877,100,12,100
1773836308.3398194,46.12293720245361,36.163,210,877,100,12,100
1773836308.4007952,46.18391299247742,36.163,210,877,100,12,100
1773836308.460187,46.24330472946167,36.163,210,877,100,12,100
1773836308.52139,46.30450773239136,36.65,210,877,100,12,100
1773836308.5796313,46.362749099731445,36.65,210,877,100,12,100
1773836308.6316555,46.4147732257843,35.676,210,877,100,12,100
1773836308.6829684,46.4660861492157,35.676,210,877,100,12,100
1773836308.7406144,46.52373218536377,35.676,210,877,100,12,100
1773836308.8033,46.58641767501831,35.676,210,877,100,12,100
1773836308.8625393,46.64565706253052,36.65,210,877,100,12,100
1773836308.9225662,46.7056839466095,36.163,210,877,100,12,100
1773836308.9823709,46.765488624572754,36.65,210,877,100,12,100
1773836309.0443747,46.827492475509644,36.163,210,877,100,12,100
1773836309.1037788,46.88689661026001,35.676,210,877,100,12,100
1773836309.1635697,46.94668745994568,36.65,210,877,100,12,100
1773836309.2234707,47.00658845901489,36.65,210,877,100,12,100
1773836309.283926,47.06704378128052,36.65,210,877,100,12,100
1773836309.3444495,47.127567291259766,36.163,210,877,100,12,100
1773836309.4040987,47.18721652030945,36.163,210,877,100,12,100
1773836309.4650834,47.24820113182068,35.676,210,877,100,12,100
1773836309.523927,47.30704474449158,36.163,210,877,100,12,100
1773836309.5853577,47.36847543716431,36.163,210,877,100,12,100
1773836309.6464121,47.429529905319214,36.65,210,877,100,12,100
1773836309.7065773,47.48969507217407,36.163,210,877,100,12,100
1773836309.766046,47.549163818359375,36.163,210,877,100,12,100
1773836309.8266242,47.60974192619324,36.65,210,877,100,12,100
1773836309.8868263,47.669944047927856,36.163,210,877,100,12,100
1773836309.9461873,47.729305028915405,36.163,210,877,100,12,100
1773836310.0081139,47.791231632232666,36.163,210,877,100,12,100
1773836310.0666225,47.84974026679993,36.65,210,877,100,12,100
1773836310.1279461,47.91106390953064,35.676,210,877,100,12,100
1773836310.187823,47.970940828323364,36.65,210,877,100,12,100
1773836310.2490551,48.0321729183197,36.163,210,877,100,12,100
1773836310.3092127,48.09233045578003,36.163,210,877,100,12,100
1773836310.3673985,48.15051627159119,35.676,210,877,100,12,100
1773836310.418856,48.20197367668152,36.163,210,877,100,12,100
1773836310.4702196,48.253337383270264,36.163,210,877,100,12,100
1773836310.5284004,48.31151819229126,36.163,210,877,100,12,100
1773836310.5884185,48.37153625488281,36.163,210,877,100,12,100
1773836310.6399503,48.423068046569824,36.163,210,877,100,12,100
1773836310.6912694,48.47438716888428,36.163,210,877,100,12,100
1773836310.750313,48.53343081474304,36.163,210,877,100,12,100
1773836310.8108451,48.59396290779114,36.163,210,877,100,12,100
1773836310.8721604,48.65527820587158,36.163,210,877,100,12,100
1773836310.9316301,48.7147479057312,36.65,210,877,100,12,100
1773836310.9917507,48.77486848831177,36.163,210,877,100,12,100
1773836311.0515785,48.8346962928772,36.65,210,877,100,12,100
1773836311.1127565,48.89587426185608,35.629,210,877,100,12,100
1773836311.1725159,48.95563364028931,36.139,210,877,100,12,100
1773836311.2330248,49.01614260673523,35.676,210,877,100,12,100
1773836311.2918112,49.074928998947144,36.65,210,877,100,12,100
1773836311.353108,49.13622570037842,36.163,210,877,100,12,100
1773836311.4139981,49.197115898132324,36.65,210,877,100,12,100
1773836311.4739027,49.257020473480225,36.163,210,877,100,12,100
1773836311.5342972,49.31741499900818,36.163,210,877,100,12,100
1773836311.5951388,49.37825655937195,37.137,210,877,100,12,100
1773836311.6555169,49.438634634017944,35.676,210,877,100,12,100
1773836311.7148223,49.49794006347656,36.65,210,877,100,12,100
1773836311.7754326,49.5585503578186,36.163,210,877,100,12,100
1773836311.834811,49.61792874336243,36.65,210,877,100,12,100
1773836311.8968852,49.68000292778015,35.676,210,877,100,12,100
1773836311.955356,49.738473653793335,35.676,210,877,100,12,100
1773836312.0175314,49.80064916610718,35.189,210,877,100,12,100
1773836312.0774028,49.86052060127258,36.163,210,877,100,12,100
1773836312.137388,49.92050576210022,35.676,210,877,100,12,100
1773836312.197061,49.98017883300781,36.163,210,877,100,12,100
