phase,frequency_mhz,duration_s,ttft_s,tpot_s,avg_power_w,peak_power_w,avg_voltage_mv,peak_voltage_mv,total_energy_j,throughput_tps,j_per_token,total_output_tokens,tpj,input_tokens
Prefill,750,2.7572,0.2797,0.0,96.66,107.96,,,273.8873,2266.79,0.0438,10,22.8196,6250
Prefill,750,2.6757,0.2724,0.0,97.92,108.93,,,269.4455,2335.86,0.0431,10,23.1958,6250
Prefill,750,2.678,0.2726,0.0,98.7,108.45,,,271.8456,2333.87,0.0435,10,22.991,6250
Prefill,800,2.5278,0.2582,0.0,100.76,110.88,,,262.2961,2472.5,0.042,10,23.828,6250
Prefill,800,2.5272,0.2535,0.0,100.14,111.36,,,260.6187,2473.07,0.0417,10,23.9814,6250
Prefill,800,2.5199,0.2545,0.0,101.9,111.85,,,264.4569,2480.23,0.0423,10,23.6333,6250
Prefill,850,2.37,0.2426,0.0,106.52,117.44,,,260.556,2637.18,0.0417,10,23.9872,6250
Prefill,850,2.3668,0.2382,0.0,107.68,117.44,,,263.0181,2640.74,0.0421,10,23.7626,6250
Prefill,850,2.3662,0.2385,0.0,108.06,118.0,,,263.8888,2641.36,0.0422,10,23.6842,6250
Prefill,900,2.2942,0.2308,0.0,112.34,122.05,,,266.3032,2724.23,0.0426,10,23.4695,6250
Prefill,900,2.2157,0.2267,0.0,109.01,121.97,,,249.7636,2820.81,0.04,10,25.0237,6250
Prefill,900,2.2269,0.2272,0.0,109.18,122.45,,,251.3267,2806.53,0.0402,10,24.868,6250
Prefill,950,2.14,0.218,0.0,116.98,128.68,,,259.2098,2920.62,0.0415,10,24.1117,6250
Prefill,950,2.1351,0.2146,0.0,117.05,127.14,,,258.7866,2927.21,0.0414,10,24.1512,6250
Prefill,950,2.1395,0.2146,0.0,117.29,128.11,,,259.8378,2921.22,0.0416,10,24.0535,6250
Prefill,1000,2.0608,0.2064,0.0,124.87,135.96,,,266.8256,3032.78,0.0427,10,23.4235,6250
Prefill,1000,1.9846,0.2034,0.0,124.77,136.44,,,257.1067,3149.25,0.0411,10,24.309,6250
Prefill,1000,1.9854,0.2032,0.0,123.6,136.93,,,254.7804,3147.92,0.0408,10,24.5309,6250
Prefill,1050,1.9045,0.1977,0.0,133.47,147.21,,,264.3025,3281.79,0.0423,10,23.6471,6250
Prefill,1050,1.9154,0.195,0.0,131.68,146.43,,,262.1816,3262.97,0.0419,10,23.8384,6250
Prefill,1050,1.9157,0.1943,0.0,135.05,147.11,,,268.9586,3262.56,0.043,10,23.2378,6250
Prefill,1100,1.8355,0.1905,0.0,141.91,157.68,,,271.288,3405.07,0.0434,10,23.0382,6250
Prefill,1100,1.8504,0.1874,0.0,141.23,161.07,,,272.2227,3377.64,0.0436,10,22.9591,6250
Prefill,1100,1.8327,0.1867,0.0,144.44,160.1,,,275.7043,3410.26,0.0441,10,22.6692,6250
Prefill,1150,1.7664,0.1823,0.0,157.14,174.53,,,289.4469,3538.24,0.0463,10,21.5929,6250
Prefill,1150,1.7561,0.1788,0.0,160.12,172.97,,,293.3385,3559.04,0.0469,10,21.3064,6250
Prefill,1150,1.758,0.1784,0.0,160.14,174.05,,,293.7081,3555.26,0.047,10,21.2796,6250
Prefill,1200,1.7566,0.1766,0.0,167.98,184.95,,,307.82,3557.97,0.0493,10,20.3041,6250
Prefill,1200,1.6822,0.1725,0.0,170.86,187.13,,,300.3717,3715.28,0.0481,10,20.8076,6250
Prefill,1200,1.6781,0.1723,0.0,171.36,186.52,,,300.5688,3724.48,0.0481,10,20.7939,6250
Prefill,1250,1.6773,0.1702,0.0,182.82,201.05,,,320.5392,3726.13,0.0513,10,19.4984,6250
Prefill,1250,1.6019,0.1658,0.0,184.14,203.33,,,308.9515,3901.55,0.0494,10,20.2297,6250
Prefill,1250,1.6016,0.1661,0.0,183.62,202.37,,,308.0186,3902.36,0.0493,10,20.291,6250
Prefill,1300,1.6073,0.1644,0.0,199.14,221.62,,,335.2823,3888.5,0.0536,10,18.641,6250
Prefill,1300,1.5289,0.1605,0.0,199.36,218.04,,,319.9366,4087.85,0.0512,10,19.5351,6250
Prefill,1300,1.6037,0.1611,0.0,199.67,218.86,,,335.3176,3897.31,0.0537,10,18.639,6250
