phase,frequency_mhz,batch_size,duration_s,ttft_s,tpot_s,avg_power_w,peak_power_w,avg_voltage_mv,peak_voltage_mv,total_energy_j,throughput_tps,j_per_token,total_output_tokens,tpj,input_tokens
E2E,750,16,27.9557,6.3162,0.084603,75.11,122.94,,,2105.8232,817.29,0.0922,4096,10.8499,18752
E2E,750,16,28.0274,6.3661,0.0846,75.0,118.57,,,2107.9456,815.2,0.0923,4096,10.839,18752
E2E,750,16,28.0357,6.3556,0.0846,75.54,118.57,,,2123.8106,814.96,0.093,4096,10.758,18752
E2E,800,16,25.1117,5.8567,0.075104,81.78,130.45,,,2060.6965,909.85,0.0902,4096,11.0875,18752
E2E,800,16,25.1028,5.8459,0.075128,81.17,128.19,,,2044.2039,910.18,0.0895,4096,11.177,18752
E2E,800,16,25.0983,5.8587,0.075124,81.39,128.68,,,2049.4592,910.34,0.0897,4096,11.1483,18752
E2E,850,16,23.2523,5.4906,0.069533,85.25,134.99,,,1989.2577,982.61,0.0871,4096,11.4857,18752
E2E,850,16,23.3182,5.4879,0.069546,85.61,135.47,,,2003.0376,979.83,0.0877,4096,11.4067,18752
E2E,850,16,23.2548,5.4842,0.069543,85.91,135.56,,,2005.0697,982.51,0.0878,4096,11.3951,18752
E2E,900,16,22.274,5.222,0.066674,88.87,141.68,,,1985.8786,1025.77,0.0869,4096,11.5052,18752
E2E,900,16,22.2969,5.2248,0.066661,89.07,140.71,,,1993.1336,1024.71,0.0872,4096,11.4634,18752
E2E,900,16,22.2924,5.2219,0.066673,89.23,141.1,,,1995.9566,1024.92,0.0874,4096,11.4471,18752
E2E,950,16,21.2443,4.9395,0.063645,93.4,148.57,,,1996.3483,1075.49,0.0874,4096,11.4449,18752
E2E,950,16,21.2258,4.9382,0.063655,93.68,147.31,,,2000.5714,1076.42,0.0876,4096,11.4207,18752
E2E,950,16,21.225,4.9409,0.063637,93.95,148.47,,,2005.9068,1076.47,0.0878,4096,11.3904,18752
E2E,1000,16,20.3463,4.6603,0.061435,100.35,160.1,,,2053.5515,1122.96,0.0899,4096,11.1261,18752
E2E,1000,16,20.364,4.6565,0.061437,100.7,160.97,,,2063.1032,1121.98,0.0903,4096,11.0746,18752
E2E,1000,16,20.3813,4.6519,0.06144,100.82,162.42,,,2068.3866,1121.03,0.0905,4096,11.0463,18752
E2E,1050,16,19.8042,4.4692,0.059914,109.34,172.85,,,2181.8537,1153.7,0.0955,4096,10.4718,18752
E2E,1050,16,19.8003,4.4689,0.059913,109.37,169.8,,,2182.4519,1153.92,0.0955,4096,10.469,18752
E2E,1050,16,19.8226,4.4695,0.059911,110.31,170.06,,,2204.5686,1152.62,0.0965,4096,10.3639,18752
E2E,1100,16,19.2657,4.2953,0.058381,97.22,176.47,,,1880.4502,1185.94,0.0823,4096,12.1503,18752
E2E,1100,16,19.1988,4.2936,0.05839,96.37,148.57,,,1857.8876,1190.07,0.0813,4096,12.2978,18752
E2E,1100,16,19.2018,4.2932,0.058387,97.35,164.47,,,1876.8937,1189.89,0.0821,4096,12.1733,18752
E2E,1150,16,18.5635,4.0743,0.056543,116.02,197.4,,,2164.9091,1230.8,0.0948,4096,10.5538,18752
E2E,1150,16,18.5517,4.0852,0.056543,117.02,197.88,,,2182.0896,1231.59,0.0955,4096,10.4707,18752
E2E,1150,16,18.542,4.0868,0.056532,118.28,201.62,,,2202.8914,1232.23,0.0964,4096,10.3718,18752
E2E,1200,16,18.0731,3.9406,0.055176,125.68,214.8,,,2281.411,1264.2,0.0999,4096,10.0149,18752
E2E,1200,16,18.0629,3.9393,0.0552,125.86,218.19,,,2283.5731,1264.91,0.0999,4096,10.0054,18752
E2E,1200,16,18.0728,3.9427,0.055192,125.88,215.0,,,2285.06,1264.22,0.1,4096,9.9989,18752
E2E,1250,16,17.6162,3.796,0.05397,134.52,236.89,,,2380.8468,1296.99,0.1042,4096,9.5966,18752
E2E,1250,16,17.637,3.8065,0.05397,134.43,234.64,,,2383.3548,1295.46,0.1043,4096,9.5865,18752
E2E,1250,16,17.6093,3.8071,0.053968,135.29,235.92,,,2393.3166,1297.5,0.1047,4096,9.5466,18752
E2E,1300,16,17.096,3.6557,0.052508,151.15,264.74,,,2595.3505,1336.45,0.1136,4096,8.8034,18752
E2E,1300,16,17.0706,3.6539,0.052505,152.52,263.73,,,2615.3502,1338.44,0.1145,4096,8.7361,18752
E2E,1300,16,17.0757,3.655,0.052504,152.91,266.01,,,2622.3845,1338.04,0.1148,4096,8.7127,18752
