phase,frequency_mhz,duration_s,ttft_s,tpot_s,avg_power_w,peak_power_w,avg_voltage_mv,peak_voltage_mv,total_energy_j,throughput_tps,j_per_token,total_output_tokens,tpj,input_tokens,repeat_count
Decode,750,8.7572,8.8334,0.0,79.94,81.8,,,706.0609,29.23,2.7581,256,0.3626,3,3
Decode,800,7.3857,7.4619,0.0,88.84,91.18,,,662.8295,34.66,2.5892,256,0.3862,3,3
Decode,850,6.7783,6.8545,0.0,94.27,99.42,,,646.0961,37.77,2.5238,256,0.3962,3,3
Decode,900,6.6248,6.701,0.0,96.2,102.66,,,644.6098,38.64,2.518,256,0.3971,3,3
Decode,950,6.7508,6.8274,0.0,95.27,100.07,,,650.3445,37.92,2.5404,256,0.3936,3,3
Decode,1000,6.5486,6.625,0.0,98.86,102.84,,,654.8722,39.1,2.5581,256,0.3909,3,3
Decode,1050,6.5238,6.6,0.0,101.83,106.34,,,672.0257,39.25,2.6251,256,0.381,3,3
Decode,1100,6.574,6.6502,0.0,104.55,109.42,,,695.2039,38.94,2.7156,256,0.3682,3,3
Decode,1150,6.627,6.7032,0.0,108.34,114.87,,,726.1091,38.63,2.8364,256,0.3526,3,3
Decode,1200,6.7507,6.8269,0.0,110.81,118.11,,,756.3577,37.93,2.9545,256,0.3385,3,3
Decode,1250,6.8019,6.8784,0.0,115.13,122.72,,,791.7663,37.64,3.0929,256,0.3233,3,3
Decode,1300,6.598,6.6742,0.0,122.77,129.03,,,819.3056,38.8,3.2004,256,0.3125,3,3
