workload,input_tokens_target,output_tokens_target,frequency_mhz,repeat_idx,duration_s,ttft_s,tpot_s,avg_power_w,peak_power_w,total_energy_j,throughput_tps,j_per_token,tpj,input_tokens_actual,output_tokens_actual,slo_s,slo_met
SS,64,64,750,1,2.13,0.1046,0.031906,85.82,95.46,184.5642,60.56,1.4307,0.698944,65,64,8.0,1
SS,64,64,750,2,2.1266,0.1046,0.031908,85.78,95.94,184.1873,60.66,1.4278,0.700374,65,64,8.0,1
SS,64,64,750,3,2.1291,0.1046,0.03188,85.87,94.48,184.5793,60.59,1.4308,0.698887,65,64,8.0,1
SL,64,512,750,1,16.9168,0.1047,0.032839,85.83,95.94,1453.7438,34.11,2.5195,0.396906,65,512,8.0,0
SL,64,512,750,2,16.9045,0.1047,0.03284,86.03,96.92,1456.0372,34.13,2.5235,0.396281,65,512,8.0,0
SL,64,512,750,3,16.9002,0.1046,0.032842,86.29,96.43,1460.0184,34.14,2.5304,0.3952,65,512,8.0,0
LS,1024,64,750,1,2.7237,0.5481,0.033956,86.62,110.05,237.7084,399.82,0.2183,4.581243,1025,64,8.0,1
LS,1024,64,750,2,2.7056,0.5482,0.033959,86.38,108.03,235.5177,402.5,0.2163,4.623856,1025,64,8.0,1
LS,1024,64,750,3,2.7222,0.5487,0.033948,86.42,109.08,237.0888,400.05,0.2177,4.593216,1025,64,8.0,1
LL,1024,512,750,1,18.3052,0.548,0.034686,84.72,109.0,1552.6342,83.97,1.0102,0.989931,1025,512,8.0,0
LL,1024,512,750,2,18.3105,0.548,0.034691,84.78,109.98,1554.1005,83.94,1.0111,0.988997,1025,512,8.0,0
LL,1024,512,750,3,18.3031,0.549,0.034689,84.91,106.16,1555.935,83.97,1.0123,0.98783,1025,512,8.0,0
SS,64,64,800,1,1.894,0.099,0.028193,91.0,97.89,174.2034,68.11,1.3504,0.740514,65,64,8.0,1
SS,64,64,800,2,1.8963,0.0989,0.028174,91.01,97.4,174.4515,68.03,1.3523,0.739461,65,64,8.0,1
SS,64,64,800,3,1.8994,0.0986,0.028143,91.14,97.89,174.9909,67.92,1.3565,0.737181,65,64,8.0,1
SL,64,512,800,1,14.9777,0.0989,0.029072,91.08,96.92,1365.9905,38.52,2.3674,0.422404,65,512,8.0,0
SL,64,512,800,2,14.9763,0.0989,0.02907,91.25,97.89,1368.4688,38.53,2.3717,0.421639,65,512,8.0,0
SL,64,512,800,3,14.9802,0.0988,0.029071,91.44,97.4,1371.6358,38.52,2.3772,0.420666,65,512,8.0,0
LS,1024,64,800,1,2.4458,0.5151,0.03032,90.47,111.43,223.1079,445.26,0.2049,4.881046,1025,64,8.0,1
LS,1024,64,800,2,2.4396,0.516,0.030313,90.35,109.49,222.2868,446.38,0.2041,4.899076,1025,64,8.0,1
LS,1024,64,800,3,2.445,0.5157,0.03029,90.32,109.49,222.701,445.39,0.2045,4.889965,1025,64,8.0,1
LL,1024,512,800,1,16.3868,0.5146,0.030999,89.01,110.46,1460.3976,93.8,0.9502,1.052453,1025,512,8.0,0
LL,1024,512,800,2,16.3709,0.5158,0.030998,89.09,110.46,1460.3196,93.89,0.9501,1.052509,1025,512,8.0,0
LL,1024,512,800,3,16.369,0.5151,0.030996,89.21,111.07,1462.1999,93.9,0.9513,1.051156,1025,512,8.0,0
SS,64,64,850,1,1.8145,0.0932,0.026958,93.84,101.71,172.1977,71.09,1.3349,0.749139,65,64,8.0,1
SS,64,64,850,2,1.8161,0.0931,0.026971,93.92,101.71,172.5,71.03,1.3372,0.747826,65,64,8.0,1
SS,64,64,850,3,1.8121,0.093,0.026995,93.94,103.17,172.1516,71.19,1.3345,0.74934,65,64,8.0,1
SL,64,512,850,1,14.3374,0.093,0.027838,94.05,102.68,1350.3632,40.24,2.3403,0.427292,65,512,8.0,0
SL,64,512,850,2,14.3421,0.0934,0.027836,94.12,102.68,1351.7849,40.23,2.3428,0.426843,65,512,8.0,0
SL,64,512,850,3,14.3291,0.0927,0.027838,94.33,104.14,1353.6562,40.27,2.346,0.426253,65,512,8.0,0
LS,1024,64,850,1,2.3389,0.4838,0.028994,92.54,113.86,218.3751,465.61,0.2005,4.986832,1025,64,8.0,1
LS,1024,64,850,2,2.3371,0.484,0.028995,92.54,111.92,218.1869,465.96,0.2004,4.991134,1025,64,8.0,1
LS,1024,64,850,3,2.3395,0.4839,0.02898,92.63,112.89,218.6237,465.48,0.2008,4.981162,1025,64,8.0,1
LL,1024,512,850,1,15.6491,0.4838,0.02965,91.02,113.38,1426.2294,98.22,0.9279,1.077667,1025,512,8.0,0
LL,1024,512,850,2,15.6573,0.4841,0.029646,91.13,116.3,1428.7065,98.17,0.9295,1.075798,1025,512,8.0,0
LL,1024,512,850,3,15.6451,0.4837,0.029639,91.25,115.81,1429.4437,98.24,0.93,1.075243,1025,512,8.0,0
SS,64,64,900,1,1.6862,0.089,0.025272,97.04,105.05,165.6258,76.51,1.2839,0.778864,65,64,8.0,1
SS,64,64,900,2,1.6882,0.0883,0.025264,97.08,105.12,165.8916,76.41,1.286,0.777616,65,64,8.0,1
SS,64,64,900,3,1.6872,0.0884,0.025263,97.39,105.12,166.3253,76.46,1.2893,0.775589,65,64,8.0,1
SL,64,512,900,1,13.4263,0.0882,0.026072,97.48,105.6,1310.8623,42.98,2.2719,0.440168,65,512,8.0,0
SL,64,512,900,2,13.4165,0.0884,0.026069,97.52,105.6,1310.3138,43.01,2.2709,0.440353,65,512,8.0,0
SL,64,512,900,3,13.4144,0.0879,0.026064,97.84,106.09,1314.4701,43.01,2.2781,0.43896,65,512,8.0,0
LS,1024,64,900,1,2.1892,0.4602,0.027153,96.97,119.21,214.3045,497.45,0.1968,5.081555,1025,64,8.0,1
LS,1024,64,900,2,2.1921,0.4593,0.027149,96.89,117.27,214.3945,496.79,0.1969,5.079421,1025,64,8.0,1
LS,1024,64,900,3,2.19,0.4596,0.027162,96.98,118.72,214.3782,497.27,0.1969,5.079808,1025,64,8.0,1
LL,1024,512,900,1,14.67,0.4595,0.027785,95.3,117.27,1400.0687,104.77,0.9109,1.097803,1025,512,8.0,0
LL,1024,512,900,2,14.6771,0.4595,0.027783,95.24,117.75,1399.773,104.72,0.9107,1.098035,1025,512,8.0,0
LL,1024,512,900,3,14.6859,0.4598,0.027782,95.39,119.7,1402.9556,104.66,0.9128,1.095544,1025,512,8.0,0
SS,64,64,950,1,1.6444,0.0845,0.024587,99.58,107.54,165.7947,78.45,1.2852,0.778071,65,64,8.0,1
SS,64,64,950,2,1.6435,0.0844,0.02459,99.41,109.49,165.4207,78.49,1.2823,0.77983,65,64,8.0,1
SS,64,64,950,3,1.6411,0.0838,0.024596,99.45,108.23,165.2478,78.61,1.281,0.780646,65,64,8.0,1
SL,64,512,950,1,13.0616,0.084,0.025377,99.71,108.37,1304.407,44.18,2.2607,0.442347,65,512,8.0,0
SL,64,512,950,2,13.0657,0.0838,0.025362,99.84,110.39,1306.5803,44.16,2.2644,0.441611,65,512,8.0,0
SL,64,512,950,3,13.0686,0.0837,0.025368,99.97,111.43,1308.5526,44.15,2.2679,0.440945,65,512,8.0,0
LS,1024,64,950,1,2.1058,0.4351,0.026389,99.71,125.45,212.0729,517.13,0.1947,5.135027,1025,64,8.0,1
LS,1024,64,950,2,2.1109,0.4357,0.026389,99.81,124.56,212.7471,515.89,0.1954,5.118754,1025,64,8.0,1
LS,1024,64,950,3,2.1061,0.4352,0.026378,99.26,126.42,211.1471,517.07,0.1939,5.157542,1025,64,8.0,1
LL,1024,512,950,1,14.2369,0.4351,0.026982,97.49,126.02,1389.9269,107.96,0.9043,1.105814,1025,512,8.0,0
LL,1024,512,950,2,14.2546,0.435,0.026988,97.76,126.02,1395.4909,107.82,0.9079,1.101405,1025,512,8.0,0
LL,1024,512,950,3,14.2476,0.435,0.026984,97.83,122.61,1395.8952,107.88,0.9082,1.101086,1025,512,8.0,0
SS,64,64,1000,1,1.6212,0.0792,0.024224,103.61,119.21,170.1134,79.57,1.3187,0.758318,65,64,8.0,1
SS,64,64,1000,2,1.6182,0.079,0.024211,103.81,116.78,170.119,79.72,1.3188,0.758293,65,64,8.0,1
SS,64,64,1000,3,1.6248,0.0791,0.02419,103.65,119.21,170.5809,79.39,1.3223,0.756239,65,64,8.0,1
SL,64,512,1000,1,12.8453,0.0792,0.024942,103.82,119.7,1335.7645,44.92,2.315,0.431962,65,512,8.0,0
SL,64,512,1000,2,12.8439,0.079,0.024949,103.98,119.21,1337.6489,44.92,2.3183,0.431354,65,512,8.0,0
SL,64,512,1000,3,12.8448,0.079,0.024955,104.04,117.27,1338.4622,44.92,2.3197,0.431092,65,512,8.0,0
LS,1024,64,1000,1,2.0707,0.4103,0.025912,104.31,129.82,218.1835,525.91,0.2004,4.991212,1025,64,8.0,1
LS,1024,64,1000,2,2.0503,0.4101,0.02588,104.55,132.65,216.454,531.15,0.1988,5.031092,1025,64,8.0,1
LS,1024,64,1000,3,2.0648,0.4101,0.025905,104.71,132.25,218.3673,527.42,0.2005,4.98701,1025,64,8.0,1
LL,1024,512,1000,1,13.9471,0.4101,0.026462,101.83,134.19,1422.3309,110.2,0.9254,1.080621,1025,512,8.0,0
LL,1024,512,1000,2,13.9464,0.4108,0.026465,102.07,133.22,1425.6632,110.21,0.9276,1.078095,1025,512,8.0,0
LL,1024,512,1000,3,13.9464,0.4105,0.026462,102.14,133.22,1426.6225,110.21,0.9282,1.07737,1025,512,8.0,0
SS,64,64,1050,1,1.6015,0.0762,0.024118,105.47,123.99,171.072,80.55,1.3261,0.754068,65,64,8.0,1
SS,64,64,1050,2,1.5996,0.0761,0.024099,105.67,123.02,171.2122,80.65,1.3272,0.753451,65,64,8.0,1
SS,64,64,1050,3,1.5984,0.0762,0.024068,105.78,124.96,171.2573,80.7,1.3276,0.753253,65,64,8.0,1
SL,64,512,1050,1,12.747,0.0761,0.024781,105.98,125.04,1353.097,45.27,2.3451,0.426429,65,512,8.0,0
SL,64,512,1050,2,12.78,0.0764,0.024814,105.96,125.04,1356.3269,45.15,2.3507,0.425414,65,512,8.0,0
SL,64,512,1050,3,12.739,0.076,0.024771,106.37,124.96,1357.2541,45.29,2.3523,0.425123,65,512,8.0,0
LS,1024,64,1050,1,2.02,0.3943,0.025604,108.27,137.99,220.9884,539.1,0.2029,4.92786,1025,64,8.0,1
LS,1024,64,1050,2,2.0222,0.3939,0.025598,108.24,142.35,221.1227,538.52,0.2031,4.924868,1025,64,8.0,1
LS,1024,64,1050,3,2.0219,0.3941,0.025603,108.02,138.96,220.6197,538.61,0.2026,4.936096,1025,64,8.0,1
LL,1024,512,1050,1,13.7818,0.3943,0.026158,104.88,141.38,1447.637,111.52,0.9419,1.06173,1025,512,8.0,0
LL,1024,512,1050,2,13.7786,0.3941,0.026164,104.62,139.84,1443.6854,111.55,0.9393,1.064636,1025,512,8.0,0
LL,1024,512,1050,3,13.7883,0.3941,0.026161,104.81,140.81,1447.3985,111.47,0.9417,1.061905,1025,512,8.0,0
SS,64,64,1100,1,1.6241,0.0735,0.02444,109.41,134.1,179.9479,79.43,1.3949,0.716874,65,64,8.0,1
SS,64,64,1100,2,1.6394,0.0732,0.024478,109.39,134.01,181.5862,78.69,1.4076,0.710406,65,64,8.0,1
SS,64,64,1100,3,1.6188,0.0732,0.024256,110.14,135.16,180.5505,79.69,1.3996,0.714482,65,64,8.0,1
SL,64,512,1100,1,12.8052,0.0731,0.024893,110.22,135.65,1413.6034,45.06,2.4499,0.408177,65,512,8.0,0
SL,64,512,1100,2,12.6975,0.073,0.024659,111.13,136.13,1413.353,45.44,2.4495,0.408249,65,512,8.0,0
SL,64,512,1100,3,12.6961,0.0732,0.024677,111.39,135.56,1416.4525,45.45,2.4549,0.407356,65,512,8.0,0
LS,1024,64,1100,1,1.9801,0.3782,0.025197,114.21,152.06,228.5561,549.96,0.2099,4.764695,1025,64,8.0,1
LS,1024,64,1100,2,1.9834,0.3793,0.025184,114.33,154.01,229.1019,549.06,0.2104,4.753343,1025,64,8.0,1
LS,1024,64,1100,3,1.9793,0.3787,0.02516,114.18,151.58,228.3967,550.19,0.2097,4.76802,1025,64,8.0,1
LL,1024,512,1100,1,13.5421,0.3791,0.025737,110.6,154.49,1500.1154,113.5,0.976,1.024588,1025,512,8.0,0
LL,1024,512,1100,2,13.5477,0.379,0.025733,110.69,152.55,1501.9023,113.45,0.9772,1.023369,1025,512,8.0,0
LL,1024,512,1100,3,13.5564,0.3788,0.025737,110.91,152.55,1505.8966,113.38,0.9798,1.020654,1025,512,8.0,0
SS,64,64,1150,1,1.5815,0.0701,0.023639,117.3,147.7,187.9142,81.57,1.4567,0.686484,65,64,8.0,1
SS,64,64,1150,2,1.5782,0.0697,0.023884,116.61,146.72,186.4236,81.74,1.4451,0.691972,65,64,8.0,1
SS,64,64,1150,3,1.577,0.0697,0.023696,117.28,148.18,187.3569,81.8,1.4524,0.688525,65,64,8.0,1
SL,64,512,1150,1,12.7413,0.0697,0.024752,116.13,149.15,1482.0732,45.29,2.5686,0.38932,65,512,8.0,0
SL,64,512,1150,2,12.7073,0.0697,0.024703,116.53,148.18,1483.1502,45.41,2.5705,0.389037,65,512,8.0,0
SL,64,512,1150,3,12.5068,0.0698,0.024311,117.82,149.15,1475.9771,46.13,2.558,0.390927,65,512,8.0,0
LS,1024,64,1150,1,1.9356,0.3605,0.024799,122.26,169.43,239.1052,562.62,0.2196,4.554481,1025,64,8.0,1
LS,1024,64,1150,2,1.9357,0.36,0.024803,122.57,170.4,239.8122,562.6,0.2202,4.541053,1025,64,8.0,1
LS,1024,64,1150,3,1.935,0.3606,0.024787,122.34,169.43,239.2002,562.79,0.2197,4.552672,1025,64,8.0,1
LL,1024,512,1150,1,13.3218,0.3605,0.025334,117.08,168.94,1562.2013,115.37,1.0164,0.983868,1025,512,8.0,0
LL,1024,512,1150,2,13.3146,0.3605,0.025335,117.3,167.97,1564.2538,115.44,1.0177,0.982577,1025,512,8.0,0
LL,1024,512,1150,3,13.3161,0.3596,0.025334,117.49,170.4,1566.9767,115.42,1.0195,0.98087,1025,512,8.0,0
SS,64,64,1200,1,1.6204,0.0675,0.024297,118.61,158.86,194.6188,79.61,1.5087,0.662834,65,64,8.0,1
SS,64,64,1200,2,1.5993,0.0673,0.024038,119.59,157.09,193.7003,80.66,1.5016,0.665977,65,64,8.0,1
SS,64,64,1200,3,1.6235,0.0674,0.024321,118.6,157.2,194.9998,79.46,1.5116,0.661539,65,64,8.0,1
SL,64,512,1200,1,12.6903,0.0673,0.024654,119.51,157.37,1519.119,45.47,2.6328,0.379825,65,512,8.0,0
SL,64,512,1200,2,12.6968,0.0675,0.024673,119.77,156.82,1523.1685,45.44,2.6398,0.378816,65,512,8.0,0
SL,64,512,1200,3,12.6362,0.0675,0.024584,120.26,158.27,1522.1151,45.66,2.638,0.379078,65,512,8.0,0
LS,1024,64,1200,1,1.9133,0.3483,0.024438,127.41,180.95,246.3798,569.18,0.2262,4.420005,1025,64,8.0,1
LS,1024,64,1200,2,1.9149,0.3475,0.02447,126.45,173.31,244.8181,568.69,0.2248,4.448201,1025,64,8.0,1
LS,1024,64,1200,3,1.9132,0.3474,0.024468,127.1,181.92,245.7654,569.19,0.2257,4.431055,1025,64,8.0,1
LL,1024,512,1200,1,13.1423,0.3475,0.024991,121.49,166.52,1599.2166,116.95,1.0405,0.961096,1025,512,8.0,0
LL,1024,512,1200,2,13.1261,0.3474,0.024992,121.83,182.41,1601.729,117.09,1.0421,0.959588,1025,512,8.0,0
LL,1024,512,1200,3,13.1364,0.3477,0.024995,121.89,181.44,1603.6132,117.0,1.0433,0.958461,1025,512,8.0,0
SS,64,64,1250,1,1.599,0.0652,0.023999,125.11,171.37,202.6191,80.68,1.5707,0.636663,65,64,8.0,1
SS,64,64,1250,2,1.5774,0.065,0.02389,125.94,171.26,201.2329,81.78,1.5599,0.641048,65,64,8.0,1
SS,64,64,1250,3,1.5959,0.0651,0.023986,125.41,170.29,202.7029,80.83,1.5713,0.636399,65,64,8.0,1
SL,64,512,1250,1,12.6405,0.0649,0.024581,125.31,170.4,1586.5917,45.65,2.7497,0.363673,65,512,8.0,0
SL,64,512,1250,2,12.6186,0.0651,0.024522,125.77,170.4,1589.6072,45.73,2.755,0.362983,65,512,8.0,0
SL,64,512,1250,3,12.5697,0.0649,0.024456,126.18,171.74,1588.6045,45.9,2.7532,0.363212,65,512,8.0,0
LS,1024,64,1250,1,1.8738,0.3357,0.024176,136.39,197.79,258.3282,581.16,0.2372,4.215568,1025,64,8.0,1
LS,1024,64,1250,2,1.8781,0.336,0.024175,135.57,192.23,257.4592,579.84,0.2364,4.229796,1025,64,8.0,1
LS,1024,64,1250,3,1.8751,0.3356,0.024182,135.92,197.44,257.6152,580.77,0.2366,4.227235,1025,64,8.0,1
LL,1024,512,1250,1,12.9758,0.3359,0.024718,128.51,200.34,1670.1853,118.45,1.0867,0.920257,1025,512,8.0,0
LL,1024,512,1250,2,12.9663,0.3355,0.024689,129.0,200.83,1675.2806,118.54,1.09,0.917458,1025,512,8.0,0
LL,1024,512,1250,3,13.0359,0.3356,0.024804,128.61,192.94,1679.3786,117.9,1.0926,0.915219,1025,512,8.0,0
SS,64,64,1300,1,1.5765,0.0625,0.023729,132.17,180.47,211.0709,81.83,1.6362,0.611169,65,64,8.0,1
SS,64,64,1300,2,1.5786,0.0624,0.023774,131.93,179.01,210.9843,81.72,1.6355,0.61142,65,64,8.0,1
SS,64,64,1300,3,1.5577,0.0622,0.023683,132.76,181.56,209.531,82.81,1.6243,0.615661,65,64,8.0,1
SL,64,512,1300,1,12.6421,0.0622,0.024576,131.62,180.47,1666.6092,45.64,2.8884,0.346212,65,512,8.0,0
SL,64,512,1300,2,12.4663,0.0624,0.024264,133.16,181.92,1662.715,46.28,2.8817,0.347023,65,512,8.0,0
SL,64,512,1300,3,12.5552,0.0622,0.024413,133.08,181.92,1673.4389,45.96,2.9002,0.344799,65,512,8.0,0
LS,1024,64,1300,1,1.8563,0.3228,0.024116,146.23,210.25,274.4576,586.66,0.252,3.967826,1025,64,8.0,1
LS,1024,64,1300,2,1.852,0.3222,0.023885,148.82,217.02,278.6358,588.0,0.2559,3.908328,1025,64,8.0,1
LS,1024,64,1300,3,1.8507,0.322,0.023892,148.94,214.75,278.8064,588.41,0.256,3.905936,1025,64,8.0,1
LL,1024,512,1300,1,12.8079,0.322,0.024417,141.46,217.8,1814.6939,120.0,1.1807,0.846975,1025,512,8.0,0
LL,1024,512,1300,2,12.805,0.3225,0.024408,143.64,217.65,1842.2193,120.03,1.1986,0.83432,1025,512,8.0,0
LL,1024,512,1300,3,12.8271,0.3222,0.02446,143.57,219.93,1844.6754,119.82,1.2002,0.833209,1025,512,8.0,0
